,Name,Config
0,D2,"[{'Text': '', 'Font': {'default'}, 'Color': 'default'}, {'Text': '𠦳', 'Font': {'Arial'}, 'Color': 'FF000000'}, {'Text': '秋', 'Font': {'Arial'}, 'Color': 'FF000000'}, {'Text': '﨤', 'Font': {'Arial'}, 'Color': 'FF000000'}, {'Text': '會', 'Font': {'Arial'}, 'Color': 'FF000000'}, {'Text': '昇', 'Font': {'Arial'}, 'Color': 'FF000000'}, {'Text': '平', 'Font': {'Arial'}, 'Color': 'FF000000'}]"
1,D3,"[{'Text': '', 'Font': {'default'}, 'Color': 'default'}, {'Text': '𣇟', 'Font': {'Arial'}, 'Color': 'FF000000'}, {'Text': '閨', 'Font': {'Arial'}, 'Color': 'FF000000'}, {'Text': '𤏬', 'Font': {'Arial'}, 'Color': 'FF000000'}, {'Text': '𨤔', 'Font': {'Arial'}, 'Color': 'FF000000'}, {'Text': '文', 'Font': {'Arial'}, 'Color': 'FF000000'}, {'Text': '明', 'Font': {'Arial'}, 'Color': 'FF000000'}, {'Text': '𡧲', 'Font': {'Arial'}, 'Color': 'FF000000'}, {'Text': '𡗶', 'Font': {'Arial'}, 'Color': 'FF000000'}]"
2,D4,"[{'Text': '', 'Font': {'default'}, 'Color': 'default'}, {'Text': '蘭', 'Font': {'Arial'}, 'Color': 'FF000000'}, {'Text': '臺', 'Font': {'Arial'}, 'Color': 'FF000000'}, {'Text': '仃', 'Font': {'Arial'}, 'Color': 'FF000000'}, {'Text': '筆', 'Font': {'Arial'}, 'Color': 'FF000000'}, {'Text': '𨓽', 'Font': {'Arial'}, 'Color': 'FFff0000'}, {'Text': '迨', 'Font': {'Arial'}, 'Color': 'FFff0000'}]"
3,D5,"[{'Text': '', 'Font': {'default'}, 'Color': 'default'}, {'Text': '𠳐', 'Font': {'Arial'}, 'Color': 'FF000000'}, {'Text': '𨑻', 'Font': {'Arial'}, 'Color': 'FF000000'}, {'Text': '國', 'Font': {'Arial'}, 'Color': 'FF000000'}, {'Text': '語', 'Font': {'Arial'}, 'Color': 'FF000000'}, {'Text': '演', 'Font': {'Arial'}, 'Color': 'FF000000'}, {'Text': '𠳒', 'Font': {'Arial'}, 'Color': 'FF000000'}, {'Text': '史', 'Font': {'Arial'}, 'Color': 'FF000000'}, {'Text': '青', 'Font': {'Arial'}, 'Color': 'FF000000'}]"
4,D6,"[{'Text': '', 'Font': {'default'}, 'Color': 'default'}, {'Text': '南', 'Font': {'Arial'}, 'Color': 'FF000000'}, {'Text': '交', 'Font': {'Arial'}, 'Color': 'FF000000'}, {'Text': '\U00031eb5', 'Font': {'Arial'}, 'Color': 'FFff0000'}, {'Text': '𡎝', 'Font': {'Arial'}, 'Color': 'FF000000'}, {'Text': '離', 'Font': {'Arial'}, 'Color': 'FF000000'}, {'Text': '明', 'Font': {'Arial'}, 'Color': 'FF000000'}]"
5,D7,"[{'Text': '', 'Font': {'default'}, 'Color': 'default'}, {'Text': '天', 'Font': {'Arial'}, 'Color': 'FF000000'}, {'Text': '書', 'Font': {'Arial'}, 'Color': 'FF000000'}, {'Text': '定', 'Font': {'Arial'}, 'Color': 'FF000000'}, {'Text': '分', 'Font': {'Arial'}, 'Color': 'FF000000'}, {'Text': '炩', 'Font': {'Arial'}, 'Color': 'FF000000'}, {'Text': '炩', 'Font': {'Arial'}, 'Color': 'FF000000'}, {'Text': '自', 'Font': {'Arial'}, 'Color': 'FF000000'}, {'Text': '𠸗', 'Font': {'Arial'}, 'Color': 'FF000000'}]"
6,D8,"[{'Text': '', 'Font': {'default'}, 'Color': 'default'}, {'Text': '廢', 'Font': {'Arial'}, 'Color': 'FF000000'}, {'Text': '興', 'Font': {'Arial'}, 'Color': 'FF000000'}, {'Text': '𢷮', 'Font': {'Arial'}, 'Color': 'FF000000'}, {'Text': '𠇍', 'Font': {'Arial'}, 'Color': 'FF000000'}, {'Text': '局', 'Font': {'Arial'}, 'Color': 'FF000000'}, {'Text': '棋', 'Font': {'Arial'}, 'Color': 'FF000000'}]"
7,D9,"[{'Text': '', 'Font': {'default'}, 'Color': 'default'}, {'Text': '是', 'Font': {'Arial'}, 'Color': 'FF000000'}, {'Text': '非', 'Font': {'Arial'}, 'Color': 'FF000000'}, {'Text': '劄', 'Font': {'Arial'}, 'Color': 'FF000000'}, {'Text': '抵', 'Font': {'Arial'}, 'Color': 'FF000000'}, {'Text': '𦤾', 'Font': {'Arial'}, 'Color': 'FF000000'}, {'Text': '𣇞', 'Font': {'Arial'}, 'Color': 'FF000000'}, {'Text': '\U0002b735', 'Font': {'Arial'}, 'Color': 'FFff0000'}, {'Text': '𦎛', 'Font': {'Arial'}, 'Color': 'FF000000'}]"
8,D10,"[{'Text': '', 'Font': {'default'}, 'Color': 'default'}, {'Text': '計', 'Font': {'Arial'}, 'Color': 'FF000000'}, {'Text': '自', 'Font': {'Arial'}, 'Color': 'FF000000'}, {'Text': '𡗶', 'Font': {'Arial'}, 'Color': 'FF000000'}, {'Text': '𢲫', 'Font': {'Arial'}, 'Color': 'FF000000'}, {'Text': '炎', 'Font': {'Arial'}, 'Color': 'FF000000'}, {'Text': '邦', 'Font': {'Arial'}, 'Color': 'FF000000'}]"
9,D11,"[{'Text': '', 'Font': {'default'}, 'Color': 'default'}, {'Text': '初', 'Font': {'Arial'}, 'Color': 'FF000000'}, {'Text': '頭', 'Font': {'Arial'}, 'Color': 'FF000000'}, {'Text': '固', 'Font': {'Arial'}, 'Color': 'FF000000'}, {'Text': '𣱆', 'Font': {'Arial'}, 'Color': 'FF000000'}, {'Text': '鴻', 'Font': {'Arial'}, 'Color': 'FF000000'}, {'Text': '龐', 'Font': {'Arial'}, 'Color': 'FF000000'}, {'Text': '㵋', 'Font': {'Arial'}, 'Color': 'FF000000'}, {'Text': '𫥨', 'Font': {'Arial'}, 'Color': 'FF000000'}]"
10,D12,"[{'Text': '', 'Font': {'default'}, 'Color': 'default'}, {'Text': '𡥙', 'Font': {'Arial'}, 'Color': 'FF000000'}, {'Text': '𠁀', 'Font': {'Arial'}, 'Color': 'FF000000'}, {'Text': '炎', 'Font': {'Arial'}, 'Color': 'FF000000'}, {'Text': '帝', 'Font': {'Arial'}, 'Color': 'FF000000'}, {'Text': '次', 'Font': {'Arial'}, 'Color': 'FF000000'}, {'Text': '𠀧', 'Font': {'Arial'}, 'Color': 'FF000000'}]"
11,D13,"[{'Text': '', 'Font': {'default'}, 'Color': 'default'}, {'Text': '綏', 'Font': {'Arial'}, 'Color': 'FF000000'}, {'Text': '𣳔', 'Font': {'Arial'}, 'Color': 'FF000000'}, {'Text': '火', 'Font': {'Arial'}, 'Color': 'FF000000'}, {'Text': '德', 'Font': {'Arial'}, 'Color': 'FF000000'}, {'Text': '噲', 'Font': {'Arial'}, 'Color': 'FF000000'}, {'Text': '\U00031eb5', 'Font': {'Arial'}, 'Color': 'FFff0000'}, {'Text': '帝', 'Font': {'Arial'}, 'Color': 'FF000000'}, {'Text': '明', 'Font': {'Arial'}, 'Color': 'FF000000'}]"
12,D14,"[{'Text': '', 'Font': {'default'}, 'Color': 'default'}, {'Text': '觀', 'Font': {'Arial'}, 'Color': 'FF000000'}, {'Text': '風', 'Font': {'Arial'}, 'Color': 'FF000000'}, {'Text': '欺', 'Font': {'Arial'}, 'Color': 'FF000000'}, {'Text': '駕', 'Font': {'Arial'}, 'Color': 'FF000000'}, {'Text': '南', 'Font': {'Arial'}, 'Color': 'FF000000'}, {'Text': '行', 'Font': {'Arial'}, 'Color': 'FF000000'}]"
13,D15,"[{'Text': '', 'Font': {'default'}, 'Color': 'default'}, {'Text': '唉', 'Font': {'Arial'}, 'Color': 'FFff0000'}, {'Text': '兜', 'Font': {'Arial'}, 'Color': 'FF000000'}, {'Text': '梅', 'Font': {'Arial'}, 'Color': 'FF000000'}, {'Text': '嶺', 'Font': {'Arial'}, 'Color': 'FF000000'}, {'Text': '緣', 'Font': {'Arial'}, 'Color': 'FF000000'}, {'Text': '生', 'Font': {'Arial'}, 'Color': 'FF000000'}, {'Text': '藍', 'Font': {'Arial'}, 'Color': 'FF000000'}, {'Text': '橋', 'Font': {'Arial'}, 'Color': 'FF000000'}]"
14,D16,"[{'Text': '', 'Font': {'default'}, 'Color': 'default'}, {'Text': '婺', 'Font': {'Arial'}, 'Color': 'FF000000'}, {'Text': '仙', 'Font': {'Arial'}, 'Color': 'FF000000'}, {'Text': '𣃣', 'Font': {'Arial'}, 'Color': 'FF000000'}, {'Text': '𣇫', 'Font': {'Arial'}, 'Color': 'FF000000'}, {'Text': '桃', 'Font': {'Arial'}, 'Color': 'FF000000'}, {'Text': '夭', 'Font': {'Arial'}, 'Color': 'FF000000'}]"
15,D17,"[{'Text': '', 'Font': {'default'}, 'Color': 'default'}, {'Text': '車', 'Font': {'Arial'}, 'Color': 'FF000000'}, {'Text': '鸞', 'Font': {'Arial'}, 'Color': 'FF000000'}, {'Text': '綏', 'Font': {'Arial'}, 'Color': 'FF000000'}, {'Text': '𨃴', 'Font': {'Arial'}, 'Color': 'FF000000'}, {'Text': '絲', 'Font': {'Arial'}, 'Color': 'FF000000'}, {'Text': '條', 'Font': {'Arial'}, 'Color': 'FF000000'}, {'Text': '結', 'Font': {'Arial'}, 'Color': 'FF000000'}, {'Text': '緣', 'Font': {'Arial'}, 'Color': 'FF000000'}]"
16,D18,"[{'Text': '', 'Font': {'default'}, 'Color': 'default'}, {'Text': '𣳔', 'Font': {'Arial'}, 'Color': 'FF000000'}, {'Text': '神', 'Font': {'Arial'}, 'Color': 'FF000000'}, {'Text': '𠁔', 'Font': {'Arial'}, 'Color': 'FF000000'}, {'Text': '貝', 'Font': {'Arial'}, 'Color': 'FF000000'}, {'Text': '𠊛', 'Font': {'Arial'}, 'Color': 'FF000000'}, {'Text': '仙', 'Font': {'Arial'}, 'Color': 'FF000000'}]"
17,D19,"[{'Text': '', 'Font': {'default'}, 'Color': 'default'}, {'Text': '精', 'Font': {'Arial'}, 'Color': 'FF000000'}, {'Text': '英', 'Font': {'Arial'}, 'Color': 'FF000000'}, {'Text': '𡖡', 'Font': {'Arial'}, 'Color': 'FF000000'}, {'Text': '吏', 'Font': {'Arial'}, 'Color': 'FF000000'}, {'Text': '聖', 'Font': {'Arial'}, 'Color': 'FF000000'}, {'Text': '賢', 'Font': {'Arial'}, 'Color': 'FF000000'}, {'Text': '綏', 'Font': {'Arial'}, 'Color': 'FF000000'}, {'Text': '𫥨', 'Font': {'Arial'}, 'Color': 'FF000000'}]"
18,D20,"[{'Text': '', 'Font': {'default'}, 'Color': 'default'}, {'Text': '封', 'Font': {'Arial'}, 'Color': 'FF000000'}, {'Text': '\U0002b735', 'Font': {'Arial'}, 'Color': 'FFff0000'}, {'Text': '君', 'Font': {'Arial'}, 'Color': 'FF000000'}, {'Text': '長', 'Font': {'Arial'}, 'Color': 'FF000000'}, {'Text': '渃', 'Font': {'Arial'}, 'Color': 'FF000000'}, {'Text': '些', 'Font': {'Arial'}, 'Color': 'FF000000'}]"
19,D21,"[{'Text': '', 'Font': {'default'}, 'Color': 'default'}, {'Text': '𠸜', 'Font': {'Arial'}, 'Color': 'FF000000'}, {'Text': '\U00031eb5', 'Font': {'Arial'}, 'Color': 'FFff0000'}, {'Text': '祿', 'Font': {'Arial'}, 'Color': 'FF000000'}, {'Text': '續', 'Font': {'Arial'}, 'Color': 'FF000000'}, {'Text': '號', 'Font': {'Arial'}, 'Color': 'FF000000'}, {'Text': '\U00031eb5', 'Font': {'Arial'}, 'Color': 'FFff0000'}, {'Text': '涇', 'Font': {'Arial'}, 'Color': 'FF000000'}, {'Text': '陽', 'Font': {'Arial'}, 'Color': 'FF000000'}]"
20,D22,"[{'Text': '', 'Font': {'default'}, 'Color': 'default'}, {'Text': '化', 'Font': {'Arial'}, 'Color': 'FF000000'}, {'Text': '基', 'Font': {'Arial'}, 'Color': 'FF000000'}, {'Text': '𥩯', 'Font': {'Arial'}, 'Color': 'FF000000'}, {'Text': '䋦', 'Font': {'Arial'}, 'Color': 'FF000000'}, {'Text': '倫', 'Font': {'Arial'}, 'Color': 'FF000000'}, {'Text': '常', 'Font': {'Arial'}, 'Color': 'FF000000'}]"
21,D23,"[{'Text': '', 'Font': {'default'}, 'Color': 'default'}, {'Text': '洞', 'Font': {'Arial'}, 'Color': 'FF000000'}, {'Text': '庭', 'Font': {'Arial'}, 'Color': 'FF000000'}, {'Text': '𣋽', 'Font': {'Arial'}, 'Color': 'FF000000'}, {'Text': '結', 'Font': {'Arial'}, 'Color': 'FF000000'}, {'Text': '貝', 'Font': {'Arial'}, 'Color': 'FF000000'}, {'Text': '娘', 'Font': {'Arial'}, 'Color': 'FF000000'}, {'Text': '神', 'Font': {'Arial'}, 'Color': 'FF000000'}, {'Text': '龍', 'Font': {'Arial'}, 'Color': 'FF000000'}]"
22,D24,"[{'Text': '', 'Font': {'default'}, 'Color': 'default'}, {'Text': '𤅶', 'Font': {'Arial'}, 'Color': 'FF000000'}, {'Text': '華', 'Font': {'Arial'}, 'Color': 'FF000000'}, {'Text': '應', 'Font': {'Arial'}, 'Color': 'FF000000'}, {'Text': '𨤔', 'Font': {'Arial'}, 'Color': 'FF000000'}, {'Text': '流', 'Font': {'Arial'}, 'Color': 'FF000000'}, {'Text': '虹', 'Font': {'Arial'}, 'Color': 'FF000000'}]"
23,D25,"[{'Text': '', 'Font': {'default'}, 'Color': 'default'}, {'Text': '生', 'Font': {'Arial'}, 'Color': 'FF000000'}, {'Text': '𡥵', 'Font': {'Arial'}, 'Color': 'FF000000'}, {'Text': '\U00031eb5', 'Font': {'Arial'}, 'Color': 'FFff0000'}, {'Text': '號', 'Font': {'Arial'}, 'Color': 'FF000000'}, {'Text': '雒', 'Font': {'Arial'}, 'Color': 'FF000000'}, {'Text': '龍', 'Font': {'Arial'}, 'Color': 'FF000000'}, {'Text': '治', 'Font': {'Arial'}, 'Color': 'FF000000'}, {'Text': '位', 'Font': {'Arial'}, 'Color': 'FF000000'}]"
24,D26,"[{'Text': '', 'Font': {'default'}, 'Color': 'default'}, {'Text': '雒', 'Font': {'Arial'}, 'Color': 'FF000000'}, {'Text': '龍', 'Font': {'Arial'}, 'Color': 'FF000000'}, {'Text': '吏', 'Font': {'Arial'}, 'Color': 'FF000000'}, {'Text': '𠁔', 'Font': {'Arial'}, 'Color': 'FF000000'}, {'Text': '嫗', 'Font': {'Arial'}, 'Color': 'FFff0000'}, {'Text': '姬', 'Font': {'Arial'}, 'Color': 'FFff0000'}]"
25,D27,"[{'Text': '', 'Font': {'default'}, 'Color': 'default'}, {'Text': '𤾓', 'Font': {'Arial'}, 'Color': 'FF000000'}, {'Text': '𤳆', 'Font': {'Arial'}, 'Color': 'FF000000'}, {'Text': '恬', 'Font': {'Arial'}, 'Color': 'FF000000'}, {'Text': '應', 'Font': {'Arial'}, 'Color': 'FF000000'}, {'Text': '熊', 'Font': {'Arial'}, 'Color': 'FF000000'}, {'Text': '羆', 'Font': {'Arial'}, 'Color': 'FF000000'}, {'Text': '𨓐', 'Font': {'Arial'}, 'Color': 'FF000000'}, {'Text': '羕', 'Font': {'Arial'}, 'Color': 'FF000000'}]"
26,D28,"[{'Text': '', 'Font': {'default'}, 'Color': 'default'}, {'Text': '卵', 'Font': {'Arial'}, 'Color': 'FF000000'}, {'Text': '胞', 'Font': {'Arial'}, 'Color': 'FF000000'}, {'Text': '怞', 'Font': {'Arial'}, 'Color': 'FF0000ff'}, {'Text': '𡀯', 'Font': {'Arial'}, 'Color': 'FF000000'}, {'Text': '荒', 'Font': {'Arial'}, 'Color': 'FF000000'}, {'Text': '唐', 'Font': {'Arial'}, 'Color': 'FF000000'}]"
27,D29,"[{'Text': '', 'Font': {'default'}, 'Color': 'default'}, {'Text': '譬', 'Font': {'Arial'}, 'Color': 'FF000000'}, {'Text': '䀡', 'Font': {'Arial'}, 'Color': 'FF000000'}, {'Text': '玄', 'Font': {'Arial'}, 'Color': 'FF000000'}, {'Text': '鳥', 'Font': {'Arial'}, 'Color': 'FF000000'}, {'Text': '生', 'Font': {'Arial'}, 'Color': 'FF000000'}, {'Text': '商', 'Font': {'Arial'}, 'Color': 'FF000000'}, {'Text': '恪', 'Font': {'Arial'}, 'Color': 'FF000000'}, {'Text': '之', 'Font': {'Arial'}, 'Color': 'FF000000'}]"
28,D30,"[{'Text': '', 'Font': {'default'}, 'Color': 'default'}, {'Text': '𦤾', 'Font': {'Arial'}, 'Color': 'FF000000'}, {'Text': '調', 'Font': {'Arial'}, 'Color': 'FF000000'}, {'Text': '散', 'Font': {'Arial'}, 'Color': 'FF000000'}, {'Text': '合', 'Font': {'Arial'}, 'Color': 'FF000000'}, {'Text': '拱', 'Font': {'Arial'}, 'Color': 'FF000000'}, {'Text': '奇', 'Font': {'Arial'}, 'Color': 'FF000000'}]"
29,D31,"[{'Text': '', 'Font': {'default'}, 'Color': 'default'}, {'Text': '𠹛', 'Font': {'Arial'}, 'Color': 'FF000000'}, {'Text': '爲', 'Font': {'Arial'}, 'Color': 'FF000000'}, {'Text': '水', 'Font': {'Arial'}, 'Color': 'FF000000'}, {'Text': '火', 'Font': {'Arial'}, 'Color': 'FF000000'}, {'Text': '生', 'Font': {'Arial'}, 'Color': 'FF000000'}, {'Text': '離', 'Font': {'Arial'}, 'Color': 'FF000000'}, {'Text': '如', 'Font': {'Arial'}, 'Color': 'FF000000'}, {'Text': '𠳒', 'Font': {'Arial'}, 'Color': 'FF000000'}]"
30,D32,"[{'Text': '', 'Font': {'default'}, 'Color': 'default'}, {'Text': '𢺹', 'Font': {'Arial'}, 'Color': 'FF000000'}, {'Text': '𡥵', 'Font': {'Arial'}, 'Color': 'FF000000'}, {'Text': '事', 'Font': {'Arial'}, 'Color': 'FF000000'}, {'Text': '拱', 'Font': {'Arial'}, 'Color': 'FF000000'}, {'Text': '𨓐', 'Font': {'Arial'}, 'Color': 'FF000000'}, {'Text': '𠁀', 'Font': {'Arial'}, 'Color': 'FF000000'}]"
31,D33,"[{'Text': '', 'Font': {'default'}, 'Color': 'default'}, {'Text': '歸', 'Font': {'Arial'}, 'Color': 'FF000000'}, {'Text': '山', 'Font': {'Arial'}, 'Color': 'FF000000'}, {'Text': '歸', 'Font': {'Arial'}, 'Color': 'FF000000'}, {'Text': '海', 'Font': {'Arial'}, 'Color': 'FF000000'}, {'Text': '恪', 'Font': {'Arial'}, 'Color': 'FF000000'}, {'Text': '𠊛', 'Font': {'Arial'}, 'Color': 'FF000000'}, {'Text': '別', 'Font': {'Arial'}, 'Color': 'FF000000'}, {'Text': '離', 'Font': {'Arial'}, 'Color': 'FF000000'}]"
32,D34,"[{'Text': '', 'Font': {'default'}, 'Color': 'default'}, {'Text': '雒', 'Font': {'Arial'}, 'Color': 'FF000000'}, {'Text': '龍', 'Font': {'Arial'}, 'Color': 'FF000000'}, {'Text': '𧗱', 'Font': {'Arial'}, 'Color': 'FF000000'}, {'Text': '坉', 'Font': {'Arial'}, 'Color': 'FF000000'}, {'Text': '南', 'Font': {'Arial'}, 'Color': 'FF000000'}, {'Text': '陲', 'Font': {'Arial'}, 'Color': 'FF000000'}]"
33,D35,"[{'Text': '', 'Font': {'default'}, 'Color': 'default'}, {'Text': '嫗', 'Font': {'Arial'}, 'Color': 'FFff0000'}, {'Text': '姬', 'Font': {'Arial'}, 'Color': 'FF000000'}, {'Text': '𨖅', 'Font': {'Arial'}, 'Color': 'FF000000'}, {'Text': '𡑩', 'Font': {'Arial'}, 'Color': 'FF000000'}, {'Text': '𠀧', 'Font': {'Arial'}, 'Color': 'FF000000'}, {'Text': '位', 'Font': {'Arial'}, 'Color': 'FF000000'}, {'Text': '傘', 'Font': {'Arial'}, 'Color': 'FF000000'}, {'Text': '圓', 'Font': {'Arial'}, 'Color': 'FF000000'}]"
34,D36,"[{'Text': '', 'Font': {'default'}, 'Color': 'default'}, {'Text': '主', 'Font': {'Arial'}, 'Color': 'FF000000'}, {'Text': '張', 'Font': {'Arial'}, 'Color': 'FF000000'}, {'Text': '譔', 'Font': {'Arial'}, 'Color': 'FFff0000'}, {'Text': '𠬠', 'Font': {'Arial'}, 'Color': 'FF000000'}, {'Text': '𡥵', 'Font': {'Arial'}, 'Color': 'FF000000'}, {'Text': '賢', 'Font': {'Arial'}, 'Color': 'FF000000'}]"
35,D37,"[{'Text': '', 'Font': {'default'}, 'Color': 'default'}, {'Text': '𢯢', 'Font': {'Arial'}, 'Color': 'FF000000'}, {'Text': '𨖅', 'Font': {'Arial'}, 'Color': 'FF000000'}, {'Text': '役', 'Font': {'Arial'}, 'Color': 'FF000000'}, {'Text': '渃', 'Font': {'Arial'}, 'Color': 'FF000000'}, {'Text': '綏', 'Font': {'Arial'}, 'Color': 'FF000000'}, {'Text': '𬨠', 'Font': {'Arial'}, 'Color': 'FF000000'}, {'Text': '𡾵', 'Font': {'Arial'}, 'Color': 'FF000000'}, {'Text': '蠬', 'Font': {'Arial'}, 'Color': 'FF000000'}]"
36,D38,"[{'Text': '', 'Font': {'default'}, 'Color': 'default'}, {'Text': '雄', 'Font': {'Arial'}, 'Color': 'FF000000'}, {'Text': '王', 'Font': {'Arial'}, 'Color': 'FF000000'}, {'Text': '都', 'Font': {'Arial'}, 'Color': 'FF000000'}, {'Text': '於', 'Font': {'Arial'}, 'Color': 'FF000000'}, {'Text': '州', 'Font': {'Arial'}, 'Color': 'FF000000'}, {'Text': '峰', 'Font': {'Arial'}, 'Color': 'FF000000'}]"
37,D39,"[{'Text': '', 'Font': {'default'}, 'Color': 'default'}, {'Text': '𧘇', 'Font': {'Arial'}, 'Color': 'FF000000'}, {'Text': '坭', 'Font': {'Arial'}, 'Color': 'FF000000'}, {'Text': '白', 'Font': {'Arial'}, 'Color': 'FF000000'}, {'Text': '鶴', 'Font': {'Arial'}, 'Color': 'FF000000'}, {'Text': '合', 'Font': {'Arial'}, 'Color': 'FF000000'}, {'Text': '𣳔', 'Font': {'Arial'}, 'Color': 'FF000000'}, {'Text': '洮', 'Font': {'Arial'}, 'Color': 'FF000000'}, {'Text': '江', 'Font': {'Arial'}, 'Color': 'FF000000'}]"
38,D40,"[{'Text': '', 'Font': {'default'}, 'Color': 'default'}, {'Text': '撻', 'Font': {'Arial'}, 'Color': 'FF000000'}, {'Text': '𠸜', 'Font': {'Arial'}, 'Color': 'FF000000'}, {'Text': '\U00031eb5', 'Font': {'Arial'}, 'Color': 'FFff0000'}, {'Text': '渃', 'Font': {'Arial'}, 'Color': 'FF000000'}, {'Text': '文', 'Font': {'Arial'}, 'Color': 'FF000000'}, {'Text': '郎', 'Font': {'Arial'}, 'Color': 'FF000000'}]"
39,D41,"[{'Text': '', 'Font': {'default'}, 'Color': 'default'}, {'Text': '𢺹', 'Font': {'Arial'}, 'Color': 'FF000000'}, {'Text': '\U00031455', 'Font': {'Arial'}, 'Color': 'FFff0000'}, {'Text': '𠄼', 'Font': {'Arial'}, 'Color': 'FFff0000'}, {'Text': '部', 'Font': {'Arial'}, 'Color': 'FF000000'}, {'Text': '版', 'Font': {'Arial'}, 'Color': 'FF000000'}, {'Text': '章', 'Font': {'Arial'}, 'Color': 'FF000000'}, {'Text': '拱', 'Font': {'Arial'}, 'Color': 'FF000000'}, {'Text': '連', 'Font': {'Arial'}, 'Color': 'FF000000'}]"
40,D42,"[{'Text': '', 'Font': {'default'}, 'Color': 'default'}, {'Text': '峰', 'Font': {'Arial'}, 'Color': 'FF000000'}, {'Text': '州', 'Font': {'Arial'}, 'Color': 'FF000000'}, {'Text': '福', 'Font': {'Arial'}, 'Color': 'FF000000'}, {'Text': '祿', 'Font': {'Arial'}, 'Color': 'FF000000'}, {'Text': '朱', 'Font': {'Arial'}, 'Color': 'FF000000'}, {'Text': '鳶', 'Font': {'Arial'}, 'Color': 'FFff0000'}]"
41,D43,"[{'Text': '', 'Font': {'default'}, 'Color': 'default'}, {'Text': '認', 'Font': {'Arial'}, 'Color': 'FF000000'}, {'Text': '𥪝', 'Font': {'Arial'}, 'Color': 'FF000000'}, {'Text': '地', 'Font': {'Arial'}, 'Color': 'FF000000'}, {'Text': '志', 'Font': {'Arial'}, 'Color': 'FF000000'}, {'Text': '𧗱', 'Font': {'Arial'}, 'Color': 'FF000000'}, {'Text': '沔', 'Font': {'Arial'}, 'Color': 'FF000000'}, {'Text': '山', 'Font': {'Arial'}, 'Color': 'FF000000'}, {'Text': '西', 'Font': {'Arial'}, 'Color': 'FF000000'}]"
42,D44,"[{'Text': '', 'Font': {'default'}, 'Color': 'default'}, {'Text': '定', 'Font': {'Arial'}, 'Color': 'FF000000'}, {'Text': '安', 'Font': {'Arial'}, 'Color': 'FF000000'}, {'Text': '河', 'Font': {'Arial'}, 'Color': 'FF000000'}, {'Text': '內', 'Font': {'Arial'}, 'Color': 'FF000000'}, {'Text': '𢷮', 'Font': {'Arial'}, 'Color': 'FF000000'}, {'Text': '𠊝', 'Font': {'Arial'}, 'Color': 'FF000000'}]"
43,D45,"[{'Text': '', 'Font': {'default'}, 'Color': 'default'}, {'Text': '𧘇', 'Font': {'Arial'}, 'Color': 'FF000000'}, {'Text': '州', 'Font': {'Arial'}, 'Color': 'FF000000'}, {'Text': '交', 'Font': {'Arial'}, 'Color': 'FF000000'}, {'Text': '趾', 'Font': {'Arial'}, 'Color': 'FF000000'}, {'Text': '𠸗', 'Font': {'Arial'}, 'Color': 'FF000000'}, {'Text': '𫢩', 'Font': {'Arial'}, 'Color': 'FF000000'}, {'Text': '群', 'Font': {'Arial'}, 'Color': 'FF000000'}, {'Text': '傳', 'Font': {'Arial'}, 'Color': 'FF000000'}]"
44,D46,"[{'Text': '', 'Font': {'default'}, 'Color': 'default'}, {'Text': '新', 'Font': {'Arial'}, 'Color': 'FF000000'}, {'Text': '興', 'Font': {'Arial'}, 'Color': 'FF000000'}, {'Text': '\U00031eb5', 'Font': {'Arial'}, 'Color': 'FFff0000'}, {'Text': '𡎝', 'Font': {'Arial'}, 'Color': 'FF000000'}, {'Text': '興', 'Font': {'Arial'}, 'Color': 'FF000000'}, {'Text': '宣', 'Font': {'Arial'}, 'Color': 'FF000000'}]"
45,D47,"[{'Text': '', 'Font': {'default'}, 'Color': 'default'}, {'Text': '武', 'Font': {'Arial'}, 'Color': 'FF000000'}, {'Text': '寧', 'Font': {'Arial'}, 'Color': 'FF000000'}, {'Text': '省', 'Font': {'Arial'}, 'Color': 'FF000000'}, {'Text': '北', 'Font': {'Arial'}, 'Color': 'FF000000'}, {'Text': '陽', 'Font': {'Arial'}, 'Color': 'FF000000'}, {'Text': '泉', 'Font': {'Arial'}, 'Color': 'FF000000'}, {'Text': '省', 'Font': {'Arial'}, 'Color': 'FF000000'}, {'Text': '東', 'Font': {'Arial'}, 'Color': 'FF000000'}]"
46,D48,"[{'Text': '', 'Font': {'default'}, 'Color': 'default'}, {'Text': '太', 'Font': {'Arial'}, 'Color': 'FF000000'}, {'Text': '高', 'Font': {'Arial'}, 'Color': 'FF000000'}, {'Text': '𠄩', 'Font': {'Arial'}, 'Color': 'FF000000'}, {'Text': '省', 'Font': {'Arial'}, 'Color': 'FF000000'}, {'Text': '混', 'Font': {'Arial'}, 'Color': 'FF000000'}, {'Text': '同', 'Font': {'Arial'}, 'Color': 'FF000000'}]"
47,D49,"[{'Text': '', 'Font': {'default'}, 'Color': 'default'}, {'Text': '𧘇', 'Font': {'Arial'}, 'Color': 'FF000000'}, {'Text': '\U00031eb5', 'Font': {'Arial'}, 'Color': 'FFff0000'}, {'Text': '武', 'Font': {'Arial'}, 'Color': 'FF000000'}, {'Text': '定', 'Font': {'Arial'}, 'Color': 'FF000000'}, {'Text': '接', 'Font': {'Arial'}, 'Color': 'FF000000'}, {'Text': '共', 'Font': {'Arial'}, 'Color': 'FF000000'}, {'Text': '邊', 'Font': {'Arial'}, 'Color': 'FF000000'}, {'Text': '氓', 'Font': {'Arial'}, 'Color': 'FF000000'}]"
48,D50,"[{'Text': '', 'Font': {'default'}, 'Color': 'default'}, {'Text': '懷', 'Font': {'Arial'}, 'Color': 'FF000000'}, {'Text': '驩', 'Font': {'Arial'}, 'Color': 'FF000000'}, {'Text': '乂', 'Font': {'Arial'}, 'Color': 'FF000000'}, {'Text': '九', 'Font': {'Arial'}, 'Color': 'FF000000'}, {'Text': '真', 'Font': {'Arial'}, 'Color': 'FF000000'}, {'Text': '清', 'Font': {'Arial'}, 'Color': 'FF000000'}]"
49,D51,"[{'Text': '', 'Font': {'default'}, 'Color': 'default'}, {'Text': '越', 'Font': {'Arial'}, 'Color': 'FF000000'}, {'Text': '裳', 'Font': {'Arial'}, 'Color': 'FF000000'}, {'Text': '\U00031eb5', 'Font': {'Arial'}, 'Color': 'FFff0000'}, {'Text': '𡎝', 'Font': {'Arial'}, 'Color': 'FF000000'}, {'Text': '治', 'Font': {'Arial'}, 'Color': 'FF000000'}, {'Text': '平', 'Font': {'Arial'}, 'Color': 'FF000000'}, {'Text': '中', 'Font': {'Arial'}, 'Color': 'FF000000'}, {'Text': '州', 'Font': {'Arial'}, 'Color': 'FF000000'}]"
50,D52,"[{'Text': '', 'Font': {'default'}, 'Color': 'default'}, {'Text': '諒', 'Font': {'Arial'}, 'Color': 'FF000000'}, {'Text': '\U00031eb5', 'Font': {'Arial'}, 'Color': 'FFff0000'}, {'Text': '陸', 'Font': {'Arial'}, 'Color': 'FF000000'}, {'Text': '海', 'Font': {'Arial'}, 'Color': 'FF000000'}, {'Text': '上', 'Font': {'Arial'}, 'Color': 'FF000000'}, {'Text': '游', 'Font': {'Arial'}, 'Color': 'FF000000'}]"
51,D53,"[{'Text': '', 'Font': {'default'}, 'Color': 'default'}, {'Text': '賒', 'Font': {'Arial'}, 'Color': 'FF000000'}, {'Text': '𣾺', 'Font': {'Arial'}, 'Color': 'FF000000'}, {'Text': '寧', 'Font': {'Arial'}, 'Color': 'FF000000'}, {'Text': '海', 'Font': {'Arial'}, 'Color': 'FF000000'}, {'Text': '屬', 'Font': {'Arial'}, 'Color': 'FF000000'}, {'Text': '𠓨', 'Font': {'Arial'}, 'Color': 'FF000000'}, {'Text': '廣', 'Font': {'Arial'}, 'Color': 'FF000000'}, {'Text': '安', 'Font': {'Arial'}, 'Color': 'FF000000'}]"
52,D54,"[{'Text': '', 'Font': {'default'}, 'Color': 'default'}, {'Text': '平', 'Font': {'Arial'}, 'Color': 'FF000000'}, {'Text': '文', 'Font': {'Arial'}, 'Color': 'FF000000'}, {'Text': '九', 'Font': {'Arial'}, 'Color': 'FF000000'}, {'Text': '德', 'Font': {'Arial'}, 'Color': 'FF000000'}, {'Text': '群', 'Font': {'Arial'}, 'Color': 'FF000000'}, {'Text': '𠸜', 'Font': {'Arial'}, 'Color': 'FF000000'}]"
53,D55,"[{'Text': '', 'Font': {'default'}, 'Color': 'default'}, {'Text': '𦓡', 'Font': {'Arial'}, 'Color': 'FF000000'}, {'Text': '𥪝', 'Font': {'Arial'}, 'Color': 'FF000000'}, {'Text': '疆', 'Font': {'Arial'}, 'Color': 'FF000000'}, {'Text': '界', 'Font': {'Arial'}, 'Color': 'FF000000'}, {'Text': '山', 'Font': {'Arial'}, 'Color': 'FF000000'}, {'Text': '川', 'Font': {'Arial'}, 'Color': 'FF000000'}, {'Text': '𣗓', 'Font': {'Arial'}, 'Color': 'FF000000'}, {'Text': '詳', 'Font': {'Arial'}, 'Color': 'FF000000'}]"
54,D56,"[{'Text': '', 'Font': {'default'}, 'Color': 'default'}, {'Text': '𠓀', 'Font': {'Arial'}, 'Color': 'FF000000'}, {'Text': '𢖖', 'Font': {'Arial'}, 'Color': 'FF000000'}, {'Text': '󠄁', 'Font': {'Arial'}, 'Color': 'FFff0000'}, {'Text': '調', 'Font': {'Arial'}, 'Color': 'FF000000'}, {'Text': '噲', 'Font': {'Arial'}, 'Color': 'FF000000'}, {'Text': '雄', 'Font': {'Arial'}, 'Color': 'FF000000'}, {'Text': '王', 'Font': {'Arial'}, 'Color': 'FF000000'}]"
55,D57,"[{'Text': '', 'Font': {'default'}, 'Color': 'default'}, {'Text': '𤤰', 'Font': {'Arial'}, 'Color': 'FF000000'}, {'Text': '常', 'Font': {'Arial'}, 'Color': 'FF000000'}, {'Text': '綏', 'Font': {'Arial'}, 'Color': 'FF000000'}, {'Text': '號', 'Font': {'Arial'}, 'Color': 'FF000000'}, {'Text': '官', 'Font': {'Arial'}, 'Color': 'FF000000'}, {'Text': '常', 'Font': {'Arial'}, 'Color': 'FF000000'}, {'Text': '綏', 'Font': {'Arial'}, 'Color': 'FF000000'}, {'Text': '𠸜', 'Font': {'Arial'}, 'Color': 'FF000000'}]"
56,D58,"[{'Text': '', 'Font': {'default'}, 'Color': 'default'}, {'Text': '雒', 'Font': {'Arial'}, 'Color': 'FF000000'}, {'Text': '侯', 'Font': {'Arial'}, 'Color': 'FF000000'}, {'Text': '\U00031eb5', 'Font': {'Arial'}, 'Color': 'FFff0000'}, {'Text': '將', 'Font': {'Arial'}, 'Color': 'FF000000'}, {'Text': '調', 'Font': {'Arial'}, 'Color': 'FF000000'}, {'Text': '元', 'Font': {'Arial'}, 'Color': 'FF000000'}]"
57,D59,"[{'Text': '', 'Font': {'default'}, 'Color': 'default'}, {'Text': '武', 'Font': {'Arial'}, 'Color': 'FF000000'}, {'Text': '\U00031eb5', 'Font': {'Arial'}, 'Color': 'FFff0000'}, {'Text': '雒', 'Font': {'Arial'}, 'Color': 'FF000000'}, {'Text': '將', 'Font': {'Arial'}, 'Color': 'FF000000'}, {'Text': '𡨺', 'Font': {'Arial'}, 'Color': 'FF000000'}, {'Text': '權', 'Font': {'Arial'}, 'Color': 'FF000000'}, {'Text': '軍', 'Font': {'Arial'}, 'Color': 'FF000000'}, {'Text': '機', 'Font': {'Arial'}, 'Color': 'FF000000'}]"
58,D60,"[{'Text': '', 'Font': {'default'}, 'Color': 'default'}, {'Text': '撻', 'Font': {'Arial'}, 'Color': 'FF000000'}, {'Text': '官', 'Font': {'Arial'}, 'Color': 'FF000000'}, {'Text': '蒲', 'Font': {'Arial'}, 'Color': 'FF000000'}, {'Text': '正', 'Font': {'Arial'}, 'Color': 'FF000000'}, {'Text': '有', 'Font': {'Arial'}, 'Color': 'FF000000'}, {'Text': '司', 'Font': {'Arial'}, 'Color': 'FF000000'}]"
59,D61,"[{'Text': '', 'Font': {'default'}, 'Color': 'default'}, {'Text': '職', 'Font': {'Arial'}, 'Color': 'FF000000'}, {'Text': '名', 'Font': {'Arial'}, 'Color': 'FF000000'}, {'Text': '𠬠', 'Font': {'Arial'}, 'Color': 'FF000000'}, {'Text': '堛', 'Font': {'Arial'}, 'Color': 'FF000000'}, {'Text': '等', 'Font': {'Arial'}, 'Color': 'FF000000'}, {'Text': '威', 'Font': {'Arial'}, 'Color': 'FF000000'}, {'Text': '𠬠', 'Font': {'Arial'}, 'Color': 'FF000000'}, {'Text': '類', 'Font': {'Arial'}, 'Color': 'FF000000'}]"
60,D62,"[{'Text': '', 'Font': {'default'}, 'Color': 'default'}, {'Text': '𣃣', 'Font': {'Arial'}, 'Color': 'FF000000'}, {'Text': '欺', 'Font': {'Arial'}, 'Color': 'FF000000'}, {'Text': '風', 'Font': {'Arial'}, 'Color': 'FF000000'}, {'Text': '氣', 'Font': {'Arial'}, 'Color': 'FF000000'}, {'Text': '初', 'Font': {'Arial'}, 'Color': 'FF000000'}, {'Text': '開', 'Font': {'Arial'}, 'Color': 'FF000000'}]"
61,D63,"[{'Text': '', 'Font': {'default'}, 'Color': 'default'}, {'Text': '貞', 'Font': {'Arial'}, 'Color': 'FF000000'}, {'Text': '元', 'Font': {'Arial'}, 'Color': 'FF000000'}, {'Text': '侈', 'Font': {'Arial'}, 'Color': 'FF000000'}, {'Text': '㐌', 'Font': {'Arial'}, 'Color': 'FF000000'}, {'Text': '﨤', 'Font': {'Arial'}, 'Color': 'FF000000'}, {'Text': '𠁀', 'Font': {'Arial'}, 'Color': 'FF000000'}, {'Text': '帝', 'Font': {'Arial'}, 'Color': 'FF000000'}, {'Text': '堯', 'Font': {'Arial'}, 'Color': 'FF000000'}]"
62,D64,"[{'Text': '', 'Font': {'default'}, 'Color': 'default'}, {'Text': '平', 'Font': {'Arial'}, 'Color': 'FF000000'}, {'Text': '陽', 'Font': {'Arial'}, 'Color': 'FF000000'}, {'Text': '日', 'Font': {'Arial'}, 'Color': 'FF000000'}, {'Text': '月', 'Font': {'Arial'}, 'Color': 'FF000000'}, {'Text': '𤎜', 'Font': {'Arial'}, 'Color': 'FF000000'}, {'Text': '高', 'Font': {'Arial'}, 'Color': 'FF000000'}]"
63,D65,"[{'Text': '', 'Font': {'default'}, 'Color': 'default'}, {'Text': '𬌓', 'Font': {'Arial'}, 'Color': 'FF000000'}, {'Text': '𢚸', 'Font': {'Arial'}, 'Color': 'FF000000'}, {'Text': '葵', 'Font': {'Arial'}, 'Color': 'FF000000'}, {'Text': '藿', 'Font': {'Arial'}, 'Color': 'FF000000'}, {'Text': '拱', 'Font': {'Arial'}, 'Color': 'FF000000'}, {'Text': '調', 'Font': {'Arial'}, 'Color': 'FF000000'}, {'Text': '向', 'Font': {'Arial'}, 'Color': 'FF000000'}, {'Text': '陽', 'Font': {'Arial'}, 'Color': 'FF000000'}]"
64,D66,"[{'Text': '', 'Font': {'default'}, 'Color': 'default'}, {'Text': '神', 'Font': {'Arial'}, 'Color': 'FF000000'}, {'Text': '龜', 'Font': {'Arial'}, 'Color': 'FF000000'}, {'Text': '𨑻', 'Font': {'Arial'}, 'Color': 'FF000000'}, {'Text': '薦', 'Font': {'Arial'}, 'Color': 'FF000000'}, {'Text': '陶', 'Font': {'Arial'}, 'Color': 'FF000000'}, {'Text': '唐', 'Font': {'Arial'}, 'Color': 'FF000000'}]"
65,D67,"[{'Text': '', 'Font': {'default'}, 'Color': 'default'}, {'Text': '北', 'Font': {'Arial'}, 'Color': 'FF000000'}, {'Text': '南', 'Font': {'Arial'}, 'Color': 'FF000000'}, {'Text': '自', 'Font': {'Arial'}, 'Color': 'FF000000'}, {'Text': '𧘇', 'Font': {'Arial'}, 'Color': 'FF000000'}, {'Text': '交', 'Font': {'Arial'}, 'Color': 'FF000000'}, {'Text': '邦', 'Font': {'Arial'}, 'Color': 'FF000000'}, {'Text': '\U00031eb5', 'Font': {'Arial'}, 'Color': 'FFff0000'}, {'Text': '頭', 'Font': {'Arial'}, 'Color': 'FF000000'}]"
66,D68,"[{'Text': '', 'Font': {'default'}, 'Color': 'default'}, {'Text': '蠻', 'Font': {'Arial'}, 'Color': 'FF000000'}, {'Text': '民', 'Font': {'Arial'}, 'Color': 'FF000000'}, {'Text': '於', 'Font': {'Arial'}, 'Color': 'FF000000'}, {'Text': '坉', 'Font': {'Arial'}, 'Color': 'FF000000'}, {'Text': '上', 'Font': {'Arial'}, 'Color': 'FF000000'}, {'Text': '流', 'Font': {'Arial'}, 'Color': 'FF000000'}]"
67,D69,"[{'Text': '', 'Font': {'default'}, 'Color': 'default'}, {'Text': '𥙩', 'Font': {'Arial'}, 'Color': 'FF000000'}, {'Text': '藝', 'Font': {'Arial'}, 'Color': 'FF000000'}, {'Text': '䊷', 'Font': {'Arial'}, 'Color': 'FF000000'}, {'Text': '䋥', 'Font': {'Arial'}, 'Color': 'FF000000'}, {'Text': '\U0002b735', 'Font': {'Arial'}, 'Color': 'FFff0000'}, {'Text': '調', 'Font': {'Arial'}, 'Color': 'FF000000'}, {'Text': '治', 'Font': {'Arial'}, 'Color': 'FF000000'}, {'Text': '生', 'Font': {'Arial'}, 'Color': 'FF000000'}]"
68,D70,"[{'Text': '', 'Font': {'default'}, 'Color': 'default'}, {'Text': '聖', 'Font': {'Arial'}, 'Color': 'FF000000'}, {'Text': '人', 'Font': {'Arial'}, 'Color': 'FF000000'}, {'Text': '𤐝', 'Font': {'Arial'}, 'Color': 'FF000000'}, {'Text': '察', 'Font': {'Arial'}, 'Color': 'FF000000'}, {'Text': '物', 'Font': {'Arial'}, 'Color': 'FF000000'}, {'Text': '情', 'Font': {'Arial'}, 'Color': 'FF000000'}]"
69,D71,"[{'Text': '', 'Font': {'default'}, 'Color': 'default'}, {'Text': '𨑻', 'Font': {'Arial'}, 'Color': 'FF000000'}, {'Text': '類', 'Font': {'Arial'}, 'Color': 'FF000000'}, {'Text': '水', 'Font': {'Arial'}, 'Color': 'FF000000'}, {'Text': '怪', 'Font': {'Arial'}, 'Color': 'FF000000'}, {'Text': '𦘧', 'Font': {'Arial'}, 'Color': 'FF000000'}, {'Text': '𨉟', 'Font': {'Arial'}, 'Color': 'FF000000'}, {'Text': '土', 'Font': {'Arial'}, 'Color': 'FF000000'}, {'Text': '人', 'Font': {'Arial'}, 'Color': 'FF000000'}]"
70,D72,"[{'Text': '', 'Font': {'default'}, 'Color': 'default'}, {'Text': '自', 'Font': {'Arial'}, 'Color': 'FF000000'}, {'Text': '𢖖', 'Font': {'Arial'}, 'Color': 'FF000000'}, {'Text': '󠄁', 'Font': {'Arial'}, 'Color': 'FFff0000'}, {'Text': '俗', 'Font': {'Arial'}, 'Color': 'FF000000'}, {'Text': '㵋', 'Font': {'Arial'}, 'Color': 'FF000000'}, {'Text': '文', 'Font': {'Arial'}, 'Color': 'FF000000'}, {'Text': '身', 'Font': {'Arial'}, 'Color': 'FF000000'}]"
71,D73,"[{'Text': '', 'Font': {'default'}, 'Color': 'default'}, {'Text': '利', 'Font': {'Arial'}, 'Color': 'FF000000'}, {'Text': '民', 'Font': {'Arial'}, 'Color': 'FF000000'}, {'Text': '㐌', 'Font': {'Arial'}, 'Color': 'FF000000'}, {'Text': '拽', 'Font': {'Arial'}, 'Color': 'FF000000'}, {'Text': '害', 'Font': {'Arial'}, 'Color': 'FF000000'}, {'Text': '民', 'Font': {'Arial'}, 'Color': 'FF000000'}, {'Text': '拱', 'Font': {'Arial'}, 'Color': 'FF000000'}, {'Text': '除', 'Font': {'Arial'}, 'Color': 'FF000000'}]"
72,D74,"[{'Text': '', 'Font': {'default'}, 'Color': 'default'}, {'Text': '𠼲', 'Font': {'Arial'}, 'Color': 'FF000000'}, {'Text': '傳', 'Font': {'Arial'}, 'Color': 'FF000000'}, {'Text': '𠬠', 'Font': {'Arial'}, 'Color': 'FF000000'}, {'Text': '䋦', 'Font': {'Arial'}, 'Color': 'FF000000'}, {'Text': '車', 'Font': {'Arial'}, 'Color': 'FF000000'}, {'Text': '書', 'Font': {'Arial'}, 'Color': 'FF000000'}]"
73,D75,"[{'Text': '', 'Font': {'default'}, 'Color': 'default'}, {'Text': '渃', 'Font': {'Arial'}, 'Color': 'FF000000'}, {'Text': '𡽫', 'Font': {'Arial'}, 'Color': 'FF000000'}, {'Text': '潭', 'Font': {'Arial'}, 'Color': 'FF000000'}, {'Text': '蔭', 'Font': {'Arial'}, 'Color': 'FF000000'}, {'Text': '𩄲', 'Font': {'Arial'}, 'Color': 'FF000000'}, {'Text': '𩄎', 'Font': {'Arial'}, 'Color': 'FF000000'}, {'Text': '太', 'Font': {'Arial'}, 'Color': 'FF000000'}, {'Text': '平', 'Font': {'Arial'}, 'Color': 'FF000000'}]"
74,D76,"[{'Text': '', 'Font': {'default'}, 'Color': 'default'}, {'Text': '𣃣', 'Font': {'Arial'}, 'Color': 'FF000000'}, {'Text': '𠁀', 'Font': {'Arial'}, 'Color': 'FF000000'}, {'Text': '昂', 'Font': {'Arial'}, 'Color': 'FF000000'}, {'Text': '貝', 'Font': {'Arial'}, 'Color': 'FF000000'}, {'Text': '周', 'Font': {'Arial'}, 'Color': 'FF000000'}, {'Text': '成', 'Font': {'Arial'}, 'Color': 'FF000000'}]"
75,D77,"[{'Text': '', 'Font': {'default'}, 'Color': 'default'}, {'Text': '𦊚', 'Font': {'Arial'}, 'Color': 'FF000000'}, {'Text': '方', 'Font': {'Arial'}, 'Color': 'FF000000'}, {'Text': '㴜', 'Font': {'Arial'}, 'Color': 'FF000000'}, {'Text': '𣼽', 'Font': {'Arial'}, 'Color': 'FF000000'}, {'Text': '𡗶', 'Font': {'Arial'}, 'Color': 'FF000000'}, {'Text': '清', 'Font': {'Arial'}, 'Color': 'FF000000'}, {'Text': '𠬠', 'Font': {'Arial'}, 'Color': 'FF000000'}, {'Text': '𦭷', 'Font': {'Arial'}, 'Color': 'FFff0000'}]"
76,D78,"[{'Text': '', 'Font': {'default'}, 'Color': 'default'}, {'Text': '此', 'Font': {'Arial'}, 'Color': 'FF000000'}, {'Text': '探', 'Font': {'Arial'}, 'Color': 'FF000000'}, {'Text': '中', 'Font': {'Arial'}, 'Color': 'FF000000'}, {'Text': '國', 'Font': {'Arial'}, 'Color': 'FF000000'}, {'Text': '体', 'Font': {'Arial'}, 'Color': 'FF000000'}, {'Text': '\U00031722', 'Font': {'Arial'}, 'Color': 'FFff0000'}]"
77,D79,"[{'Text': '', 'Font': {'default'}, 'Color': 'default'}, {'Text': '吏', 'Font': {'Arial'}, 'Color': 'FF000000'}, {'Text': '𨑻', 'Font': {'Arial'}, 'Color': 'FF000000'}, {'Text': '白', 'Font': {'Arial'}, 'Color': 'FF000000'}, {'Text': '雉', 'Font': {'Arial'}, 'Color': 'FF000000'}, {'Text': '𤼸', 'Font': {'Arial'}, 'Color': 'FF000000'}, {'Text': '𠓨', 'Font': {'Arial'}, 'Color': 'FF000000'}, {'Text': '周', 'Font': {'Arial'}, 'Color': 'FF000000'}, {'Text': '王', 'Font': {'Arial'}, 'Color': 'FF000000'}]"
78,D80,"[{'Text': '', 'Font': {'default'}, 'Color': 'default'}, {'Text': '𠀧', 'Font': {'Arial'}, 'Color': 'FF000000'}, {'Text': '重', 'Font': {'Arial'}, 'Color': 'FF000000'}, {'Text': '驛', 'Font': {'Arial'}, 'Color': 'FF000000'}, {'Text': '路', 'Font': {'Arial'}, 'Color': 'FF000000'}, {'Text': '𣗓', 'Font': {'Arial'}, 'Color': 'FF000000'}, {'Text': '詳', 'Font': {'Arial'}, 'Color': 'FF000000'}]"
79,D81,"[{'Text': '', 'Font': {'default'}, 'Color': 'default'}, {'Text': '頒', 'Font': {'Arial'}, 'Color': 'FF000000'}, {'Text': '車', 'Font': {'Arial'}, 'Color': 'FF000000'}, {'Text': '子', 'Font': {'Arial'}, 'Color': 'FF000000'}, {'Text': '午', 'Font': {'Arial'}, 'Color': 'FF000000'}, {'Text': '指', 'Font': {'Arial'}, 'Color': 'FF000000'}, {'Text': '塘', 'Font': {'Arial'}, 'Color': 'FF000000'}, {'Text': '南', 'Font': {'Arial'}, 'Color': 'FF000000'}, {'Text': '歸', 'Font': {'Arial'}, 'Color': 'FF000000'}]"
80,D82,"[{'Text': '', 'Font': {'default'}, 'Color': 'default'}, {'Text': '𦒹', 'Font': {'Arial'}, 'Color': 'FF000000'}, {'Text': '𠁀', 'Font': {'Arial'}, 'Color': 'FF000000'}, {'Text': '雄', 'Font': {'Arial'}, 'Color': 'FF000000'}, {'Text': '韻', 'Font': {'Arial'}, 'Color': 'FF000000'}, {'Text': '𣃣', 'Font': {'Arial'}, 'Color': 'FF000000'}, {'Text': '衰', 'Font': {'Arial'}, 'Color': 'FF000000'}]"
81,D83,"[{'Text': '', 'Font': {'default'}, 'Color': 'default'}, {'Text': '武', 'Font': {'Arial'}, 'Color': 'FF000000'}, {'Text': '寧', 'Font': {'Arial'}, 'Color': 'FF000000'}, {'Text': '固', 'Font': {'Arial'}, 'Color': 'FF000000'}, {'Text': '賊', 'Font': {'Arial'}, 'Color': 'FF000000'}, {'Text': '㵋', 'Font': {'Arial'}, 'Color': 'FF000000'}, {'Text': '𠫾', 'Font': {'Arial'}, 'Color': 'FF000000'}, {'Text': '求', 'Font': {'Arial'}, 'Color': 'FF000000'}, {'Text': '才', 'Font': {'Arial'}, 'Color': 'FF000000'}]"
82,D84,"[{'Text': '', 'Font': {'default'}, 'Color': 'default'}, {'Text': '廊', 'Font': {'Arial'}, 'Color': 'FF000000'}, {'Text': '扶', 'Font': {'Arial'}, 'Color': 'FF000000'}, {'Text': '董', 'Font': {'Arial'}, 'Color': 'FF000000'}, {'Text': '固', 'Font': {'Arial'}, 'Color': 'FF000000'}, {'Text': '𠬠', 'Font': {'Arial'}, 'Color': 'FF000000'}, {'Text': '𠊛', 'Font': {'Arial'}, 'Color': 'FF000000'}]"
83,D85,"[{'Text': '', 'Font': {'default'}, 'Color': 'default'}, {'Text': '生', 'Font': {'Arial'}, 'Color': 'FF000000'}, {'Text': '𫥨', 'Font': {'Arial'}, 'Color': 'FF000000'}, {'Text': '拯', 'Font': {'Arial'}, 'Color': 'FF000000'}, {'Text': '吶', 'Font': {'Arial'}, 'Color': 'FF000000'}, {'Text': '拯', 'Font': {'Arial'}, 'Color': 'FF000000'}, {'Text': '唭', 'Font': {'Arial'}, 'Color': 'FF000000'}, {'Text': '𥗁', 'Font': {'Arial'}, 'Color': 'FFff0000'}, {'Text': '𥗁', 'Font': {'Arial'}, 'Color': 'FFff0000'}]"
84,D86,"[{'Text': '', 'Font': {'default'}, 'Color': 'default'}, {'Text': '仍', 'Font': {'Arial'}, 'Color': 'FF000000'}, {'Text': '㘈', 'Font': {'Arial'}, 'Color': 'FF000000'}, {'Text': '冤', 'Font': {'Arial'}, 'Color': 'FF000000'}, {'Text': '債', 'Font': {'Arial'}, 'Color': 'FF000000'}, {'Text': '包', 'Font': {'Arial'}, 'Color': 'FF000000'}, {'Text': '𣇞', 'Font': {'Arial'}, 'Color': 'FF000000'}]"
85,D87,"[{'Text': '', 'Font': {'default'}, 'Color': 'default'}, {'Text': '\U00031722', 'Font': {'Arial'}, 'Color': 'FFff0000'}, {'Text': '咍', 'Font': {'Arial'}, 'Color': 'FF000000'}, {'Text': '神', 'Font': {'Arial'}, 'Color': 'FF000000'}, {'Text': '將', 'Font': {'Arial'}, 'Color': 'FF000000'}, {'Text': '𥖐', 'Font': {'Arial'}, 'Color': 'FFff0000'}, {'Text': '䟻', 'Font': {'Arial'}, 'Color': 'FF000000'}, {'Text': '風', 'Font': {'Arial'}, 'Color': 'FF000000'}, {'Text': '云', 'Font': {'Arial'}, 'Color': 'FF000000'}]"
86,D88,"[{'Text': '', 'Font': {'default'}, 'Color': 'default'}, {'Text': '𦖑', 'Font': {'Arial'}, 'Color': 'FF000000'}, {'Text': '𤤰', 'Font': {'Arial'}, 'Color': 'FF000000'}, {'Text': '求', 'Font': {'Arial'}, 'Color': 'FF000000'}, {'Text': '將', 'Font': {'Arial'}, 'Color': 'FF000000'}, {'Text': '𫥨', 'Font': {'Arial'}, 'Color': 'FF000000'}, {'Text': '軍', 'Font': {'Arial'}, 'Color': 'FF000000'}]"
87,D89,"[{'Text': '', 'Font': {'default'}, 'Color': 'default'}, {'Text': '𨁑', 'Font': {'Arial'}, 'Color': 'FFff0000'}, {'Text': '\U00031597', 'Font': {'Arial'}, 'Color': 'FFff0000'}, {'Text': '𨁑', 'Font': {'Arial'}, 'Color': 'FFff0000'}, {'Text': '吶', 'Font': {'Arial'}, 'Color': 'FF000000'}, {'Text': '𨷈', 'Font': {'Arial'}, 'Color': 'FF000000'}, {'Text': '份', 'Font': {'Arial'}, 'Color': 'FF000000'}, {'Text': '激', 'Font': {'Arial'}, 'Color': 'FF000000'}, {'Text': '昂', 'Font': {'Arial'}, 'Color': 'FF000000'}]"
88,D90,"[{'Text': '', 'Font': {'default'}, 'Color': 'default'}, {'Text': '𠳒', 'Font': {'Arial'}, 'Color': 'FF000000'}, {'Text': '疎', 'Font': {'Arial'}, 'Color': 'FF000000'}, {'Text': '媄', 'Font': {'Arial'}, 'Color': 'FF000000'}, {'Text': '胣', 'Font': {'Arial'}, 'Color': 'FF000000'}, {'Text': '勤', 'Font': {'Arial'}, 'Color': 'FF000000'}, {'Text': '王', 'Font': {'Arial'}, 'Color': 'FF000000'}]"
89,D91,"[{'Text': '', 'Font': {'default'}, 'Color': 'default'}, {'Text': '𥙩', 'Font': {'Arial'}, 'Color': 'FF000000'}, {'Text': '忠', 'Font': {'Arial'}, 'Color': 'FF000000'}, {'Text': '\U0002b735', 'Font': {'Arial'}, 'Color': 'FFff0000'}, {'Text': '孝', 'Font': {'Arial'}, 'Color': 'FF000000'}, {'Text': '𠬠', 'Font': {'Arial'}, 'Color': 'FF000000'}, {'Text': '塘', 'Font': {'Arial'}, 'Color': 'FF000000'}, {'Text': '分', 'Font': {'Arial'}, 'Color': 'FF000000'}, {'Text': '明', 'Font': {'Arial'}, 'Color': 'FF000000'}]"
90,D92,"[{'Text': '', 'Font': {'default'}, 'Color': 'default'}, {'Text': '使', 'Font': {'Arial'}, 'Color': 'FF000000'}, {'Text': '𧗱', 'Font': {'Arial'}, 'Color': 'FF000000'}, {'Text': '奏', 'Font': {'Arial'}, 'Color': 'FF000000'}, {'Text': '𠓀', 'Font': {'Arial'}, 'Color': 'FF000000'}, {'Text': '天', 'Font': {'Arial'}, 'Color': 'FF000000'}, {'Text': '庭', 'Font': {'Arial'}, 'Color': 'FF000000'}]"
91,D93,"[{'Text': '', 'Font': {'default'}, 'Color': 'default'}, {'Text': '鎌', 'Font': {'Arial'}, 'Color': 'FF000000'}, {'Text': '鐄', 'Font': {'Arial'}, 'Color': 'FF000000'}, {'Text': '馭', 'Font': {'Arial'}, 'Color': 'FF000000'}, {'Text': '鉄', 'Font': {'Arial'}, 'Color': 'FF000000'}, {'Text': '提', 'Font': {'Arial'}, 'Color': 'FF000000'}, {'Text': '兵', 'Font': {'Arial'}, 'Color': 'FF000000'}, {'Text': '進', 'Font': {'Arial'}, 'Color': 'FF000000'}, {'Text': '𠓨', 'Font': {'Arial'}, 'Color': 'FF000000'}]"
92,D94,"[{'Text': '', 'Font': {'default'}, 'Color': 'default'}, {'Text': '陣', 'Font': {'Arial'}, 'Color': 'FF000000'}, {'Text': '𩄲', 'Font': {'Arial'}, 'Color': 'FF000000'}, {'Text': '蹺', 'Font': {'Arial'}, 'Color': 'FF000000'}, {'Text': '𦰟', 'Font': {'Arial'}, 'Color': 'FF000000'}, {'Text': '旗', 'Font': {'Arial'}, 'Color': 'FF000000'}, {'Text': '桃', 'Font': {'Arial'}, 'Color': 'FF000000'}]"
93,D95,"[{'Text': '', 'Font': {'default'}, 'Color': 'default'}, {'Text': '𫥨', 'Font': {'Arial'}, 'Color': 'FF000000'}, {'Text': '威', 'Font': {'Arial'}, 'Color': 'FF000000'}, {'Text': '𩆐', 'Font': {'Arial'}, 'Color': 'FF000000'}, {'Text': '𩂶', 'Font': {'Arial'}, 'Color': 'FF000000'}, {'Text': '姅', 'Font': {'Arial'}, 'Color': 'FF000000'}, {'Text': '𣊿', 'Font': {'Arial'}, 'Color': 'FF000000'}, {'Text': '賊', 'Font': {'Arial'}, 'Color': 'FF000000'}, {'Text': '散', 'Font': {'Arial'}, 'Color': 'FF000000'}]"
94,D96,"[{'Text': '', 'Font': {'default'}, 'Color': 'default'}, {'Text': '襖', 'Font': {'Arial'}, 'Color': 'FF000000'}, {'Text': '戎', 'Font': {'Arial'}, 'Color': 'FF000000'}, {'Text': '𢶒', 'Font': {'Arial'}, 'Color': 'FF000000'}, {'Text': '吏', 'Font': {'Arial'}, 'Color': 'FF000000'}, {'Text': '靈', 'Font': {'Arial'}, 'Color': 'FF000000'}, {'Text': '山', 'Font': {'Arial'}, 'Color': 'FF000000'}]"
95,D97,"[{'Text': '', 'Font': {'default'}, 'Color': 'default'}, {'Text': '𨁑', 'Font': {'Arial'}, 'Color': 'FFff0000'}, {'Text': '柁', 'Font': {'Arial'}, 'Color': 'FF000000'}, {'Text': '脫', 'Font': {'Arial'}, 'Color': 'FF000000'}, {'Text': '𧴱', 'Font': {'Arial'}, 'Color': 'FF000000'}, {'Text': '塵', 'Font': {'Arial'}, 'Color': 'FF000000'}, {'Text': '還', 'Font': {'Arial'}, 'Color': 'FF000000'}, {'Text': '𬨠', 'Font': {'Arial'}, 'Color': 'FF000000'}, {'Text': '仙', 'Font': {'Arial'}, 'Color': 'FF000000'}]"
96,D98,"[{'Text': '', 'Font': {'default'}, 'Color': 'default'}, {'Text': '廟', 'Font': {'Arial'}, 'Color': 'FF000000'}, {'Text': '亭', 'Font': {'Arial'}, 'Color': 'FF000000'}, {'Text': '群', 'Font': {'Arial'}, 'Color': 'FF000000'}, {'Text': '𨁪', 'Font': {'Arial'}, 'Color': 'FFff0000'}, {'Text': '故', 'Font': {'Arial'}, 'Color': 'FF000000'}, {'Text': '園', 'Font': {'Arial'}, 'Color': 'FF000000'}]"
97,D99,"[{'Text': '', 'Font': {'default'}, 'Color': 'default'}, {'Text': '拯', 'Font': {'Arial'}, 'Color': 'FF000000'}, {'Text': '咍', 'Font': {'Arial'}, 'Color': 'FF000000'}, {'Text': '𡀯', 'Font': {'Arial'}, 'Color': 'FF000000'}, {'Text': '𫇰', 'Font': {'Arial'}, 'Color': 'FF000000'}, {'Text': '流', 'Font': {'Arial'}, 'Color': 'FF000000'}, {'Text': '傳', 'Font': {'Arial'}, 'Color': 'FF000000'}, {'Text': '固', 'Font': {'Arial'}, 'Color': 'FF000000'}, {'Text': '空', 'Font': {'Arial'}, 'Color': 'FF000000'}]"
98,D100,"[{'Text': '', 'Font': {'default'}, 'Color': 'default'}, {'Text': '吏', 'Font': {'Arial'}, 'Color': 'FF000000'}, {'Text': '𦖑', 'Font': {'Arial'}, 'Color': 'FF000000'}, {'Text': '𥪝', 'Font': {'Arial'}, 'Color': 'FF000000'}, {'Text': '𣇫', 'Font': {'Arial'}, 'Color': 'FFff0000'}, {'Text': '雒', 'Font': {'Arial'}, 'Color': 'FF000000'}, {'Text': '雄', 'Font': {'Arial'}, 'Color': 'FF000000'}]"
99,D101,"[{'Text': '', 'Font': {'default'}, 'Color': 'default'}, {'Text': '媚', 'Font': {'Arial'}, 'Color': 'FF000000'}, {'Text': '珠', 'Font': {'Arial'}, 'Color': 'FF000000'}, {'Text': '固', 'Font': {'Arial'}, 'Color': 'FF000000'}, {'Text': '妸', 'Font': {'Arial'}, 'Color': 'FF000000'}, {'Text': '姿', 'Font': {'Arial'}, 'Color': 'FF000000'}, {'Text': '豐', 'Font': {'Arial'}, 'Color': 'FF000000'}, {'Text': '恪', 'Font': {'Arial'}, 'Color': 'FF000000'}, {'Text': '常', 'Font': {'Arial'}, 'Color': 'FF000000'}]"
100,D102,"[{'Text': '', 'Font': {'default'}, 'Color': 'default'}, {'Text': '近', 'Font': {'Arial'}, 'Color': 'FF000000'}, {'Text': '賒', 'Font': {'Arial'}, 'Color': 'FF000000'}, {'Text': '\U00031554', 'Font': {'Arial'}, 'Color': 'FFff0000'}, {'Text': '㗂', 'Font': {'Arial'}, 'Color': 'FF000000'}, {'Text': '宮', 'Font': {'Arial'}, 'Color': 'FF000000'}, {'Text': '粧', 'Font': {'Arial'}, 'Color': 'FF000000'}]"
101,D103,"[{'Text': '', 'Font': {'default'}, 'Color': 'default'}, {'Text': '乘', 'Font': {'Arial'}, 'Color': 'FF000000'}, {'Text': '龍', 'Font': {'Arial'}, 'Color': 'FF000000'}, {'Text': '埃', 'Font': {'Arial'}, 'Color': 'FF000000'}, {'Text': '仉', 'Font': {'Arial'}, 'Color': 'FF000000'}, {'Text': '東', 'Font': {'Arial'}, 'Color': 'FF000000'}, {'Text': '牀', 'Font': {'Arial'}, 'Color': 'FF000000'}, {'Text': '𠁔', 'Font': {'Arial'}, 'Color': 'FF000000'}, {'Text': '𦠘', 'Font': {'Arial'}, 'Color': 'FF000000'}]"
102,D104,"[{'Text': '', 'Font': {'default'}, 'Color': 'default'}, {'Text': '唪', 'Font': {'Arial'}, 'Color': 'FF000000'}, {'Text': '兜', 'Font': {'Arial'}, 'Color': 'FF000000'}, {'Text': '𣃣', 'Font': {'Arial'}, 'Color': 'FF000000'}, {'Text': '𧡊', 'Font': {'Arial'}, 'Color': 'FF000000'}, {'Text': '𠄩', 'Font': {'Arial'}, 'Color': 'FF000000'}, {'Text': '𠊛', 'Font': {'Arial'}, 'Color': 'FF000000'}]"
103,D105,"[{'Text': '', 'Font': {'default'}, 'Color': 'default'}, {'Text': '𠬠', 'Font': {'Arial'}, 'Color': 'FF000000'}, {'Text': '山', 'Font': {'Arial'}, 'Color': 'FF000000'}, {'Text': '精', 'Font': {'Arial'}, 'Color': 'FF000000'}, {'Text': '貝', 'Font': {'Arial'}, 'Color': 'FF000000'}, {'Text': '𠬠', 'Font': {'Arial'}, 'Color': 'FF000000'}, {'Text': '類', 'Font': {'Arial'}, 'Color': 'FF000000'}, {'Text': '水', 'Font': {'Arial'}, 'Color': 'FF000000'}, {'Text': '精', 'Font': {'Arial'}, 'Color': 'FF000000'}]"
104,D106,"[{'Text': '', 'Font': {'default'}, 'Color': 'default'}, {'Text': '求', 'Font': {'Arial'}, 'Color': 'FF000000'}, {'Text': '婚', 'Font': {'Arial'}, 'Color': 'FF000000'}, {'Text': '調', 'Font': {'Arial'}, 'Color': 'FF000000'}, {'Text': '寄', 'Font': {'Arial'}, 'Color': 'FF000000'}, {'Text': '𡬷', 'Font': {'Arial'}, 'Color': 'FF000000'}, {'Text': '誠', 'Font': {'Arial'}, 'Color': 'FF000000'}]"
105,D107,"[{'Text': '', 'Font': {'default'}, 'Color': 'default'}, {'Text': '雄', 'Font': {'Arial'}, 'Color': 'FF000000'}, {'Text': '王', 'Font': {'Arial'}, 'Color': 'FF000000'}, {'Text': '㵋', 'Font': {'Arial'}, 'Color': 'FF000000'}, {'Text': '判', 'Font': {'Arial'}, 'Color': 'FF000000'}, {'Text': '事', 'Font': {'Arial'}, 'Color': 'FF000000'}, {'Text': '情', 'Font': {'Arial'}, 'Color': 'FF000000'}, {'Text': '𠬠', 'Font': {'Arial'}, 'Color': 'FF000000'}, {'Text': '𠄩', 'Font': {'Arial'}, 'Color': 'FF000000'}]"
106,D108,"[{'Text': '', 'Font': {'default'}, 'Color': 'default'}, {'Text': '聘', 'Font': {'Arial'}, 'Color': 'FF000000'}, {'Text': '儀', 'Font': {'Arial'}, 'Color': 'FF000000'}, {'Text': '約', 'Font': {'Arial'}, 'Color': 'FF000000'}, {'Text': '及', 'Font': {'Arial'}, 'Color': 'FF000000'}, {'Text': '𣈜', 'Font': {'Arial'}, 'Color': 'FF000000'}, {'Text': '𣈕', 'Font': {'Arial'}, 'Color': 'FF000000'}]"
107,D109,"[{'Text': '', 'Font': {'default'}, 'Color': 'default'}, {'Text': '埃', 'Font': {'Arial'}, 'Color': 'FF000000'}, {'Text': '𣭻', 'Font': {'Arial'}, 'Color': 'FF000000'}, {'Text': '蹎', 'Font': {'Arial'}, 'Color': 'FF000000'}, {'Text': '𠓀', 'Font': {'Arial'}, 'Color': 'FF000000'}, {'Text': '定', 'Font': {'Arial'}, 'Color': 'FF000000'}, {'Text': '𠳒', 'Font': {'Arial'}, 'Color': 'FF000000'}, {'Text': '許', 'Font': {'Arial'}, 'Color': 'FF000000'}, {'Text': '纓', 'Font': {'Arial'}, 'Color': 'FF000000'}]"
108,D110,"[{'Text': '', 'Font': {'default'}, 'Color': 'default'}, {'Text': '𤿰', 'Font': {'Arial'}, 'Color': 'FF000000'}, {'Text': '樓', 'Font': {'Arial'}, 'Color': 'FF000000'}, {'Text': '𣃣', 'Font': {'Arial'}, 'Color': 'FF000000'}, {'Text': '㵋', 'Font': {'Arial'}, 'Color': 'FF000000'}, {'Text': '散', 'Font': {'Arial'}, 'Color': 'FF000000'}, {'Text': '更', 'Font': {'Arial'}, 'Color': 'FF000000'}]"
109,D111,"[{'Text': '', 'Font': {'default'}, 'Color': 'default'}, {'Text': '轎', 'Font': {'Arial'}, 'Color': 'FF000000'}, {'Text': '花', 'Font': {'Arial'}, 'Color': 'FF000000'}, {'Text': '㐌', 'Font': {'Arial'}, 'Color': 'FF000000'}, {'Text': '𧡊', 'Font': {'Arial'}, 'Color': 'FF000000'}, {'Text': '山', 'Font': {'Arial'}, 'Color': 'FF000000'}, {'Text': '精', 'Font': {'Arial'}, 'Color': 'FF000000'}, {'Text': '徝', 'Font': {'Arial'}, 'Color': 'FFff0000'}, {'Text': '外', 'Font': {'Arial'}, 'Color': 'FF000000'}]"
110,D112,"[{'Text': '', 'Font': {'default'}, 'Color': 'default'}, {'Text': '約', 'Font': {'Arial'}, 'Color': 'FF000000'}, {'Text': '哰', 'Font': {'Arial'}, 'Color': 'FF000000'}, {'Text': '吏', 'Font': {'Arial'}, 'Color': 'FF000000'}, {'Text': '據', 'Font': {'Arial'}, 'Color': 'FF000000'}, {'Text': '如', 'Font': {'Arial'}, 'Color': 'FF000000'}, {'Text': '𠳒', 'Font': {'Arial'}, 'Color': 'FF000000'}]"
111,D113,"[{'Text': '', 'Font': {'default'}, 'Color': 'default'}, {'Text': '車', 'Font': {'Arial'}, 'Color': 'FF000000'}, {'Text': '鸞', 'Font': {'Arial'}, 'Color': 'FF000000'}, {'Text': '𤾓', 'Font': {'Arial'}, 'Color': 'FF000000'}, {'Text': '鈷', 'Font': {'Arial'}, 'Color': 'FF000000'}, {'Text': '迻', 'Font': {'Arial'}, 'Color': 'FF000000'}, {'Text': '𠊛', 'Font': {'Arial'}, 'Color': 'FF000000'}, {'Text': '宜', 'Font': {'Arial'}, 'Color': 'FF000000'}, {'Text': '家', 'Font': {'Arial'}, 'Color': 'FF000000'}]"
112,D114,"[{'Text': '', 'Font': {'default'}, 'Color': 'default'}, {'Text': '宮', 'Font': {'Arial'}, 'Color': 'FF000000'}, {'Text': '彈', 'Font': {'Arial'}, 'Color': 'FF000000'}, {'Text': '㗂', 'Font': {'Arial'}, 'Color': 'FF000000'}, {'Text': '笛', 'Font': {'Arial'}, 'Color': 'FF000000'}, {'Text': '賒', 'Font': {'Arial'}, 'Color': 'FF000000'}, {'Text': '賒', 'Font': {'Arial'}, 'Color': 'FF000000'}]"
113,D115,"[{'Text': '', 'Font': {'default'}, 'Color': 'default'}, {'Text': '𢝙', 'Font': {'Arial'}, 'Color': 'FF000000'}, {'Text': '𧗱', 'Font': {'Arial'}, 'Color': 'FF000000'}, {'Text': '𡽫', 'Font': {'Arial'}, 'Color': 'FF000000'}, {'Text': '傘', 'Font': {'Arial'}, 'Color': 'FF000000'}, {'Text': '怨', 'Font': {'Arial'}, 'Color': 'FF000000'}, {'Text': '𫥨', 'Font': {'Arial'}, 'Color': 'FF000000'}, {'Text': '𣷭', 'Font': {'Arial'}, 'Color': 'FF000000'}, {'Text': '瀕', 'Font': {'Arial'}, 'Color': 'FF000000'}]"
114,D116,"[{'Text': '', 'Font': {'default'}, 'Color': 'default'}, {'Text': '水', 'Font': {'Arial'}, 'Color': 'FF000000'}, {'Text': '精', 'Font': {'Arial'}, 'Color': 'FF000000'}, {'Text': '𢙲', 'Font': {'Arial'}, 'Color': 'FF000000'}, {'Text': '𨀈', 'Font': {'Arial'}, 'Color': 'FF000000'}, {'Text': '踸', 'Font': {'Arial'}, 'Color': 'FF000000'}, {'Text': '蹎', 'Font': {'Arial'}, 'Color': 'FF000000'}]"
115,D117,"[{'Text': '', 'Font': {'default'}, 'Color': 'default'}, {'Text': '哃', 'Font': {'Arial'}, 'Color': 'FF000000'}, {'Text': '哃', 'Font': {'Arial'}, 'Color': 'FF000000'}, {'Text': '浽', 'Font': {'Arial'}, 'Color': 'FF000000'}, {'Text': '𢚷', 'Font': {'Arial'}, 'Color': 'FF000000'}, {'Text': '𨑻', 'Font': {'Arial'}, 'Color': 'FF000000'}, {'Text': '恩', 'Font': {'Arial'}, 'Color': 'FF000000'}, {'Text': '\U0002b735', 'Font': {'Arial'}, 'Color': 'FFff0000'}, {'Text': '讎', 'Font': {'Arial'}, 'Color': 'FF000000'}]"
116,D118,"[{'Text': '', 'Font': {'default'}, 'Color': 'default'}, {'Text': '𩄎', 'Font': {'Arial'}, 'Color': 'FF000000'}, {'Text': '𣻆', 'Font': {'Arial'}, 'Color': 'FF000000'}, {'Text': '𩙍', 'Font': {'Arial'}, 'Color': 'FF000000'}, {'Text': '𠺙', 'Font': {'Arial'}, 'Color': 'FF000000'}, {'Text': '𩆪', 'Font': {'Arial'}, 'Color': 'FF000000'}, {'Text': '霧', 'Font': {'Arial'}, 'Color': 'FF000000'}]"
117,D119,"[{'Text': '', 'Font': {'default'}, 'Color': 'default'}, {'Text': '泑', 'Font': {'Arial'}, 'Color': 'FF000000'}, {'Text': '泑', 'Font': {'Arial'}, 'Color': 'FF000000'}, {'Text': '𡹃', 'Font': {'Arial'}, 'Color': 'FF000000'}, {'Text': '呶', 'Font': {'Arial'}, 'Color': 'FF000000'}, {'Text': '㗀', 'Font': {'Arial'}, 'Color': 'FF000000'}, {'Text': '㗀', 'Font': {'Arial'}, 'Color': 'FF000000'}, {'Text': '𡶀', 'Font': {'Arial'}, 'Color': 'FF000000'}, {'Text': '其', 'Font': {'Arial'}, 'Color': 'FFff0000'}]"
118,D120,"[{'Text': '', 'Font': {'default'}, 'Color': 'default'}, {'Text': '山', 'Font': {'Arial'}, 'Color': 'FF000000'}, {'Text': '神', 'Font': {'Arial'}, 'Color': 'FF000000'}, {'Text': '化', 'Font': {'Arial'}, 'Color': 'FFff0000'}, {'Text': '法', 'Font': {'Arial'}, 'Color': 'FF000000'}, {'Text': '拱', 'Font': {'Arial'}, 'Color': 'FF000000'}, {'Text': '𭌲', 'Font': {'Arial'}, 'Color': 'FFff0000'}]"
119,D121,"[{'Text': '', 'Font': {'default'}, 'Color': 'default'}, {'Text': '䋥', 'Font': {'Arial'}, 'Color': 'FF000000'}, {'Text': '張', 'Font': {'Arial'}, 'Color': 'FFff0000'}, {'Text': '𣳔', 'Font': {'Arial'}, 'Color': 'FF000000'}, {'Text': '珥', 'Font': {'Arial'}, 'Color': 'FF000000'}, {'Text': '番', 'Font': {'Arial'}, 'Color': 'FF000000'}, {'Text': '𩂏', 'Font': {'Arial'}, 'Color': 'FF000000'}, {'Text': '嵃', 'Font': {'Arial'}, 'Color': 'FFff0000'}, {'Text': '兌', 'Font': {'Arial'}, 'Color': 'FF000000'}]"
120,D122,"[{'Text': '', 'Font': {'default'}, 'Color': 'default'}, {'Text': '𡶀', 'Font': {'Arial'}, 'Color': 'FF000000'}, {'Text': '高', 'Font': {'Arial'}, 'Color': 'FF000000'}, {'Text': '瀧', 'Font': {'Arial'}, 'Color': 'FF000000'}, {'Text': '拱', 'Font': {'Arial'}, 'Color': 'FF000000'}, {'Text': '群', 'Font': {'Arial'}, 'Color': 'FF000000'}, {'Text': '𨱽', 'Font': {'Arial'}, 'Color': 'FF000000'}]"
121,D123,"[{'Text': '', 'Font': {'default'}, 'Color': 'default'}, {'Text': '𢆥', 'Font': {'Arial'}, 'Color': 'FF000000'}, {'Text': '𢆥', 'Font': {'Arial'}, 'Color': 'FF000000'}, {'Text': '報', 'Font': {'Arial'}, 'Color': 'FF000000'}, {'Text': '怨', 'Font': {'Arial'}, 'Color': 'FF000000'}, {'Text': '𠁀', 'Font': {'Arial'}, 'Color': 'FF000000'}, {'Text': '𠁀', 'Font': {'Arial'}, 'Color': 'FF000000'}, {'Text': '打', 'Font': {'Arial'}, 'Color': 'FF000000'}, {'Text': '慳', 'Font': {'Arial'}, 'Color': 'FF000000'}]"
122,D124,"[{'Text': '', 'Font': {'default'}, 'Color': 'default'}, {'Text': '補', 'Font': {'Arial'}, 'Color': 'FF000000'}, {'Text': '遺', 'Font': {'Arial'}, 'Color': 'FF000000'}, {'Text': '群', 'Font': {'Arial'}, 'Color': 'FF000000'}, {'Text': '𡀯', 'Font': {'Arial'}, 'Color': 'FF000000'}, {'Text': '謫', 'Font': {'Arial'}, 'Color': 'FF000000'}, {'Text': '仙', 'Font': {'Arial'}, 'Color': 'FF000000'}]"
123,D125,"[{'Text': '', 'Font': {'default'}, 'Color': 'default'}, {'Text': '固', 'Font': {'Arial'}, 'Color': 'FF000000'}, {'Text': '𠊛', 'Font': {'Arial'}, 'Color': 'FF000000'}, {'Text': '𣱆', 'Font': {'Arial'}, 'Color': 'FF000000'}, {'Text': '褚', 'Font': {'Arial'}, 'Color': 'FF000000'}, {'Text': '於', 'Font': {'Arial'}, 'Color': 'FF000000'}, {'Text': '沔', 'Font': {'Arial'}, 'Color': 'FF000000'}, {'Text': '快', 'Font': {'Arial'}, 'Color': 'FF000000'}, {'Text': '州', 'Font': {'Arial'}, 'Color': 'FF000000'}]"
124,D126,"[{'Text': '', 'Font': {'default'}, 'Color': 'default'}, {'Text': '𫥨', 'Font': {'Arial'}, 'Color': 'FF000000'}, {'Text': '𠓨', 'Font': {'Arial'}, 'Color': 'FF000000'}, {'Text': '娘', 'Font': {'Arial'}, 'Color': 'FF000000'}, {'Text': '耨', 'Font': {'Arial'}, 'Color': 'FF000000'}, {'Text': '河', 'Font': {'Arial'}, 'Color': 'FF000000'}, {'Text': '洲', 'Font': {'Arial'}, 'Color': 'FF000000'}]"
125,D127,"[{'Text': '', 'Font': {'default'}, 'Color': 'default'}, {'Text': '風', 'Font': {'Arial'}, 'Color': 'FF000000'}, {'Text': '塵', 'Font': {'Arial'}, 'Color': 'FF000000'}, {'Text': '㐌', 'Font': {'Arial'}, 'Color': 'FF000000'}, {'Text': '\U00031c47', 'Font': {'Arial'}, 'Color': 'FFff0000'}, {'Text': '𠇍', 'Font': {'Arial'}, 'Color': 'FF000000'}, {'Text': '秋', 'Font': {'Arial'}, 'Color': 'FF000000'}, {'Text': '共', 'Font': {'Arial'}, 'Color': 'FF000000'}, {'Text': '𠊛', 'Font': {'Arial'}, 'Color': 'FF000000'}]"
126,D128,"[{'Text': '', 'Font': {'default'}, 'Color': 'default'}, {'Text': '仙', 'Font': {'Arial'}, 'Color': 'FF000000'}, {'Text': '容', 'Font': {'Arial'}, 'Color': 'FF000000'}, {'Text': '﨤', 'Font': {'Arial'}, 'Color': 'FF000000'}, {'Text': '𣇜', 'Font': {'Arial'}, 'Color': 'FF000000'}, {'Text': '𠫾', 'Font': {'Arial'}, 'Color': 'FF000000'}, {'Text': '𨔈', 'Font': {'Arial'}, 'Color': 'FF000000'}]"
127,D129,"[{'Text': '', 'Font': {'default'}, 'Color': 'default'}, {'Text': '䇠', 'Font': {'Arial'}, 'Color': 'FF000000'}, {'Text': '迻', 'Font': {'Arial'}, 'Color': 'FF000000'}, {'Text': '滕', 'Font': {'Arial'}, 'Color': 'FF000000'}, {'Text': '閣', 'Font': {'Arial'}, 'Color': 'FF000000'}, {'Text': '帆', 'Font': {'Arial'}, 'Color': 'FF000000'}, {'Text': '𣵶', 'Font': {'Arial'}, 'Color': 'FF000000'}, {'Text': '珥', 'Font': {'Arial'}, 'Color': 'FF000000'}, {'Text': '河', 'Font': {'Arial'}, 'Color': 'FF000000'}]"
128,D130,"[{'Text': '', 'Font': {'default'}, 'Color': 'default'}, {'Text': '褚', 'Font': {'Arial'}, 'Color': 'FF000000'}, {'Text': '童', 'Font': {'Arial'}, 'Color': 'FF000000'}, {'Text': '隱', 'Font': {'Arial'}, 'Color': 'FF000000'}, {'Text': '坉', 'Font': {'Arial'}, 'Color': 'FF000000'}, {'Text': '平', 'Font': {'Arial'}, 'Color': 'FF000000'}, {'Text': '沙', 'Font': {'Arial'}, 'Color': 'FF000000'}]"
129,D131,"[{'Text': '', 'Font': {'default'}, 'Color': 'default'}, {'Text': '別', 'Font': {'Arial'}, 'Color': 'FF000000'}, {'Text': '兜', 'Font': {'Arial'}, 'Color': 'FF000000'}, {'Text': '﨤', 'Font': {'Arial'}, 'Color': 'FF000000'}, {'Text': '攑', 'Font': {'Arial'}, 'Color': 'FF000000'}, {'Text': '吏', 'Font': {'Arial'}, 'Color': 'FF000000'}, {'Text': '\U00031eb5', 'Font': {'Arial'}, 'Color': 'FFff0000'}, {'Text': '夙', 'Font': {'Arial'}, 'Color': 'FF000000'}, {'Text': '緣', 'Font': {'Arial'}, 'Color': 'FF000000'}]"
130,D132,"[{'Text': '', 'Font': {'default'}, 'Color': 'default'}, {'Text': '乘', 'Font': {'Arial'}, 'Color': 'FF000000'}, {'Text': '涼', 'Font': {'Arial'}, 'Color': 'FF000000'}, {'Text': '娘', 'Font': {'Arial'}, 'Color': 'FF000000'}, {'Text': '㵋', 'Font': {'Arial'}, 'Color': 'FF000000'}, {'Text': '仃', 'Font': {'Arial'}, 'Color': 'FF000000'}, {'Text': '船', 'Font': {'Arial'}, 'Color': 'FF000000'}]"
131,D133,"[{'Text': '', 'Font': {'default'}, 'Color': 'default'}, {'Text': '圍', 'Font': {'Arial'}, 'Color': 'FF000000'}, {'Text': '幔', 'Font': {'Arial'}, 'Color': 'FF000000'}, {'Text': '浸', 'Font': {'Arial'}, 'Color': 'FF000000'}, {'Text': '𠖾', 'Font': {'Arial'}, 'Color': 'FF000000'}, {'Text': '倛', 'Font': {'Arial'}, 'Color': 'FF000000'}, {'Text': '連', 'Font': {'Arial'}, 'Color': 'FF000000'}, {'Text': '𤅶', 'Font': {'Arial'}, 'Color': 'FFff0000'}, {'Text': '瀧', 'Font': {'Arial'}, 'Color': 'FF000000'}]"
132,D134,"[{'Text': '', 'Font': {'default'}, 'Color': 'default'}, {'Text': '𠊛', 'Font': {'Arial'}, 'Color': 'FF000000'}, {'Text': '淑', 'Font': {'Arial'}, 'Color': 'FF000000'}, {'Text': '女', 'Font': {'Arial'}, 'Color': 'FF000000'}, {'Text': '仉', 'Font': {'Arial'}, 'Color': 'FF000000'}, {'Text': '仙', 'Font': {'Arial'}, 'Color': 'FF000000'}, {'Text': '童', 'Font': {'Arial'}, 'Color': 'FF000000'}]"
133,D135,"[{'Text': '', 'Font': {'default'}, 'Color': 'default'}, {'Text': '情', 'Font': {'Arial'}, 'Color': 'FF000000'}, {'Text': '期', 'Font': {'Arial'}, 'Color': 'FF000000'}, {'Text': '埃', 'Font': {'Arial'}, 'Color': 'FF000000'}, {'Text': '別', 'Font': {'Arial'}, 'Color': 'FF000000'}, {'Text': '\U00031661', 'Font': {'Arial'}, 'Color': 'FFff0000'}, {'Text': '𫯳', 'Font': {'Arial'}, 'Color': 'FF000000'}, {'Text': '緣', 'Font': {'Arial'}, 'Color': 'FF000000'}, {'Text': '𢛨', 'Font': {'Arial'}, 'Color': 'FF000000'}]"
134,D136,"[{'Text': '', 'Font': {'default'}, 'Color': 'default'}, {'Text': '𢚷', 'Font': {'Arial'}, 'Color': 'FF000000'}, {'Text': '𡥵', 'Font': {'Arial'}, 'Color': 'FF000000'}, {'Text': '𫥨', 'Font': {'Arial'}, 'Color': 'FF000000'}, {'Text': '𢟔', 'Font': {'Arial'}, 'Color': 'FF000000'}, {'Text': '𩄲', 'Font': {'Arial'}, 'Color': 'FF000000'}, {'Text': '𩄎', 'Font': {'Arial'}, 'Color': 'FF000000'}]"
135,D137,"[{'Text': '', 'Font': {'default'}, 'Color': 'default'}, {'Text': '雄', 'Font': {'Arial'}, 'Color': 'FF000000'}, {'Text': '王', 'Font': {'Arial'}, 'Color': 'FF000000'}, {'Text': '傳', 'Font': {'Arial'}, 'Color': 'FF000000'}, {'Text': '令', 'Font': {'Arial'}, 'Color': 'FF000000'}, {'Text': '船', 'Font': {'Arial'}, 'Color': 'FF000000'}, {'Text': '迻', 'Font': {'Arial'}, 'Color': 'FF000000'}, {'Text': '扒', 'Font': {'Arial'}, 'Color': 'FF000000'}, {'Text': '𧗱', 'Font': {'Arial'}, 'Color': 'FF000000'}]"
136,D138,"[{'Text': '', 'Font': {'default'}, 'Color': 'default'}, {'Text': '𡽫', 'Font': {'Arial'}, 'Color': 'FF000000'}, {'Text': '瀧', 'Font': {'Arial'}, 'Color': 'FF000000'}, {'Text': '㐌', 'Font': {'Arial'}, 'Color': 'FF000000'}, {'Text': '倅', 'Font': {'Arial'}, 'Color': 'FF000000'}, {'Text': '𠳒', 'Font': {'Arial'}, 'Color': 'FF000000'}, {'Text': '誓', 'Font': {'Arial'}, 'Color': 'FF000000'}]"
137,D139,"[{'Text': '', 'Font': {'default'}, 'Color': 'default'}, {'Text': '𠄩', 'Font': {'Arial'}, 'Color': 'FF000000'}, {'Text': '𠊛', 'Font': {'Arial'}, 'Color': 'FF000000'}, {'Text': '𠬠', 'Font': {'Arial'}, 'Color': 'FF000000'}, {'Text': '丿', 'Font': {'Arial'}, 'Color': 'FF000000'}, {'Text': '化', 'Font': {'Arial'}, 'Color': 'FF000000'}, {'Text': '𧗱', 'Font': {'Arial'}, 'Color': 'FF000000'}, {'Text': '蓬', 'Font': {'Arial'}, 'Color': 'FF000000'}, {'Text': '洲', 'Font': {'Arial'}, 'Color': 'FF000000'}]"
138,D140,"[{'Text': '', 'Font': {'default'}, 'Color': 'default'}, {'Text': '東', 'Font': {'Arial'}, 'Color': 'FF000000'}, {'Text': '安', 'Font': {'Arial'}, 'Color': 'FF000000'}, {'Text': '夜', 'Font': {'Arial'}, 'Color': 'FF000000'}, {'Text': '澤', 'Font': {'Arial'}, 'Color': 'FF000000'}, {'Text': '兜', 'Font': {'Arial'}, 'Color': 'FF000000'}, {'Text': '兜', 'Font': {'Arial'}, 'Color': 'FF000000'}]"
139,D141,"[{'Text': '', 'Font': {'default'}, 'Color': 'default'}, {'Text': '𤌋', 'Font': {'Arial'}, 'Color': 'FF000000'}, {'Text': '香', 'Font': {'Arial'}, 'Color': 'FF000000'}, {'Text': '霓', 'Font': {'Arial'}, 'Color': 'FF000000'}, {'Text': '𩂁', 'Font': {'Arial'}, 'Color': 'FF000000'}, {'Text': '傳', 'Font': {'Arial'}, 'Color': 'FF000000'}, {'Text': '𢖖', 'Font': {'Arial'}, 'Color': 'FF000000'}, {'Text': '󠄁', 'Font': {'Arial'}, 'Color': 'FFff0000'}, {'Text': '𨷈', 'Font': {'Arial'}, 'Color': 'FF000000'}, {'Text': '𠁀', 'Font': {'Arial'}, 'Color': 'FF000000'}]"
140,D142,"[{'Text': '', 'Font': {'default'}, 'Color': 'default'}, {'Text': '𣷭', 'Font': {'Arial'}, 'Color': 'FF000000'}, {'Text': '𣘛', 'Font': {'Arial'}, 'Color': 'FF000000'}, {'Text': '變', 'Font': {'Arial'}, 'Color': 'FF000000'}, {'Text': '𢷮', 'Font': {'Arial'}, 'Color': 'FF000000'}, {'Text': '機', 'Font': {'Arial'}, 'Color': 'FF000000'}, {'Text': '𡗶', 'Font': {'Arial'}, 'Color': 'FF000000'}]"
141,D143,"[{'Text': '', 'Font': {'default'}, 'Color': 'default'}, {'Text': '𦓡', 'Font': {'Arial'}, 'Color': 'FF000000'}, {'Text': '𬧺', 'Font': {'Arial'}, 'Color': 'FF000000'}, {'Text': '鴻', 'Font': {'Arial'}, 'Color': 'FF000000'}, {'Text': '雒', 'Font': {'Arial'}, 'Color': 'FF000000'}, {'Text': '\U0003137f', 'Font': {'Arial'}, 'Color': 'FFff0000'}, {'Text': '𨱽', 'Font': {'Arial'}, 'Color': 'FF000000'}, {'Text': '埃', 'Font': {'Arial'}, 'Color': 'FF000000'}, {'Text': '欣', 'Font': {'Arial'}, 'Color': 'FF000000'}]"
142,D144,"[{'Text': '', 'Font': {'default'}, 'Color': 'default'}, {'Text': '計', 'Font': {'Arial'}, 'Color': 'FF000000'}, {'Text': '𤤰', 'Font': {'Arial'}, 'Color': 'FF000000'}, {'Text': '\U00031455', 'Font': {'Arial'}, 'Color': 'FFff0000'}, {'Text': '𠔭', 'Font': {'Arial'}, 'Color': 'FF000000'}, {'Text': '𠁀', 'Font': {'Arial'}, 'Color': 'FF000000'}, {'Text': '傳', 'Font': {'Arial'}, 'Color': 'FF000000'}]"
143,D145,"[{'Text': '', 'Font': {'default'}, 'Color': 'default'}, {'Text': '𠄩', 'Font': {'Arial'}, 'Color': 'FF000000'}, {'Text': '𠦳', 'Font': {'Arial'}, 'Color': 'FF000000'}, {'Text': '𢆥', 'Font': {'Arial'}, 'Color': 'FF000000'}, {'Text': '𥛭', 'Font': {'Arial'}, 'Color': 'FF000000'}, {'Text': '凭', 'Font': {'Arial'}, 'Color': 'FF000000'}, {'Text': '𥾽', 'Font': {'Arial'}, 'Color': 'FF000000'}, {'Text': '坤', 'Font': {'Arial'}, 'Color': 'FF000000'}, {'Text': '摛', 'Font': {'Arial'}, 'Color': 'FF000000'}]"
144,D146,"[{'Text': '', 'Font': {'default'}, 'Color': 'default'}, {'Text': '𠬠', 'Font': {'Arial'}, 'Color': 'FF000000'}, {'Text': '𣳔', 'Font': {'Arial'}, 'Color': 'FF000000'}, {'Text': '父', 'Font': {'Arial'}, 'Color': 'FF000000'}, {'Text': '道', 'Font': {'Arial'}, 'Color': 'FF000000'}, {'Text': '𠸗', 'Font': {'Arial'}, 'Color': 'FF000000'}, {'Text': '𫢩', 'Font': {'Arial'}, 'Color': 'FF000000'}]"
